Name;Rank;Level;Class;Race;Sex;Last Online (Days);Main/Alt;Player Alts;Join Date;Promo Date;Rank History;Birthday;Public Note;Officer Note;Custom Note;Faction
Adamwarlöck;Imp;4;Warlock;Human;Male;82;;;09 May '26;09 May '26;Imp: 09 May '26;;;Joined: 09 May '26 ;;Alliance
Agroholic;Imp;60;Warrior;Night Elf;Female;0.46;Main;;09 Jun '26;09 Jun '26;Imp: 09 Jun '26;;Pbx BodyTypeOne BFF;Joined: 09 Jun '26 ;;Alliance
Akabow;Altling;60;Hunter;Night Elf;Female;50;Alt;Akaslam-WildGrowth,Akastab-WildGrowth,Bubbliie-WildGrowth,Shapíe-WildGrowth(main),Sorcerius-WildGrowth;20 Dec '25;20 Dec '25;Altling: 20 Dec '25,Imp: 20 Dec '25;;Shapie;Joined: 20 Dec '25;;Alliance
Akariana;Arch Fiendling;60;Priest;Night Elf;Female;0.5;Alt;Aneliana-WildGrowth,Askariana-WildGrowth,Astelia-WildGrowth,Ineffa-WildGrowth,Nelle-WildGrowth,Thelisia-WildGrowth,Vinelia-WildGrowth,Wiella-WildGrowth(main);02 Jan '26;05 Mar '26;Arch Fiendling: 05 Mar '26,Altling: 16 Jan '26,Imp: 02 Jan '26;;Wiella [Ench]/[Alc]300;Joined: 02 Jan '26;;Alliance
Akashaz;Imp;60;Warlock;Gnome;Female;11;;;19 Jul '26;19 Jul '26;Imp: 19 Jul '26;;wickedwayz;Joined: 19 Jul '26 ;;Alliance
Akaslam;Altling;60;Warrior;Gnome;Female;84;Alt;Akabow-WildGrowth,Akastab-WildGrowth,Bubbliie-WildGrowth,Shapíe-WildGrowth(main),Sorcerius-WildGrowth;08 Dec '25;15 Dec '25;Altling: 15 Dec '25,Imp: 08 Dec '25;;Shapie [BS]272/[Mine]116;Joined: 08 Dec '25;;Alliance
Akastab;Altling;60;Rogue;Gnome;Female;79;Alt;Akabow-WildGrowth,Akaslam-WildGrowth,Bubbliie-WildGrowth,Shapíe-WildGrowth(main),Sorcerius-WildGrowth;28 Nov '25;28 Nov '25;Altling: 28 Nov '25,Imp: 30 Nov '25;;Shapie [Herb]/[Mine]300;Joined: 28 Nov '25;;Alliance
Akumadona;Imp;34;Mage;Human;Female;2;;;27 May '26;27 May '26;Imp: 27 May '26;;New in sod - german/english;Joined: 27 May '26 ;;Alliance
Akánano;Imp;50;Druid;Night Elf;Male;35;;;19 Apr '26;19 Apr '26;Imp: 19 Apr '26;; [LW]251/[Skin]288;Joined: 19 Apr '26 ;;Alliance
Alan;Imp;60;Warlock;Gnome;Male;6;;;27 Jun '26;27 Jun '26;Imp: 27 Jun '26;;[Ench]/[Eng]300;Joined: 27 Jun '26 ;;Alliance
Alito;Altling;60;Priest;Human;Male;3;Alt;Lâ-WildGrowth,Parsegrise-WildGrowth,Ttbm-WildGrowth,Âl-WildGrowth(main);21 Nov '25;21 Nov '25;Altling: 21 Nov '25;;Al [TL]/[Ench]300;Joined: 21 Nov '25;;Alliance
Altjonson;Imp;18;Warrior;Human;Male;130;;;11 Mar '26;11 Mar '26;Imp: 11 Mar '26;;Main  [Mine]80/[BS]84;Joined: 11 Mar '26 ;;Alliance
Alurya;Altling;60;Warrior;Night Elf;Female;72;Alt;Gadhar-WildGrowth(main),Garvad-WildGrowth,Singrim-WildGrowth,Valixia-WildGrowth;08 Feb '26;16 Feb '26;Altling: 16 Feb '26,Imp: 08 Feb '26;;Gadhar [Eng]/[Alc]300;Joined: 08 Feb '26 ;;Alliance
Alvihunt;Altling;60;Hunter;Night Elf;Female;16;Alt;Alvipre-WildGrowth,Alvirou-WildGrowth,Alviwer-WildGrowth(main);30 Jun '26;13 Jul '26;Altling: 13 Jul '26,Imp: 30 Jun '26;;Alvi;Joined: 30 Jun '26 ;;Alliance
Alvipre;Altling;60;Priest;Dwarf;Male;15;Alt;Alvihunt-WildGrowth,Alvirou-WildGrowth,Alviwer-WildGrowth(main);16 May '26;16 May '26;Altling: 16 May '26,Imp: 15 May '26;;Alvi;Joined: 16 May '26 ;;Alliance
Alvirou;Altling;60;Rogue;Gnome;Female;0.58;Alt;Alvihunt-WildGrowth,Alvipre-WildGrowth,Alviwer-WildGrowth(main);06 Jun '26;04 Jul '26;Altling: 04 Jul '26,Imp: 06 Jun '26;;Alvi;Joined: 06 Jun '26 ;;Alliance
Alviwer;Fel Reaver;60;Warrior;Human;Female;0.67;Main;Alvihunt-WildGrowth,Alvipre-WildGrowth,Alvirou-WildGrowth;04 May '26;02 Jun '26;Fel Reaver: 02 Jun '26,Imp: 04 May '26;;main [Eng]270/[Herb]9;Joined: 04 May '26 ;;Alliance
Alynel;Fel Reaver;60;Druid;Night Elf;Female;0.5;Main;Avelira-WildGrowth,Hunzi-WildGrowth,Talany-WildGrowth,Zimgar-WildGrowth;20 Feb '26;29 Mar '26;Fel Reaver: 29 Mar '26,Imp: 20 Feb '26;;main Zi [LW]/[Ench]300;Joined: 20 Feb '26 ;;Alliance
Amicia;Altling;60;Druid;Night Elf;Female;2;Alt;Bunní-WildGrowth,Mistí-WildGrowth,Mousíe-WildGrowth,Vivisteria-WildGrowth,Víví-WildGrowth(main);11 Jun '26;11 Jun '26;Altling: 11 Jun '26,Imp: 11 Jun '26;;Lit lit layydeh [Alc]/[Herb]300;Joined: 11 Jun '26 ;;Alliance
Anaire;Altling;43;Priest;Human;Female;4;Alt;Anteg-WildGrowth,Loashi-WildGrowth(main),Plotka-WildGrowth;20 May '26;20 May '26;Altling: 20 May '26,Imp: 20 May '26;;Loashi;Joined: 20 May '26 ;;Alliance
Andreamerkel;Imp;60;Priest;Dwarf;Female;13;Main;;13 Jul '26;13 Jul '26;Imp: 13 Jul '26;;main [Ench]285/[TL]288;Joined: 13 Jul '26 ;;Alliance
Andydemo;Imp;60;Warlock;Gnome;Female;93;;;10 Apr '26;10 Apr '26;Imp: 10 Apr '26;; [Alc]/[Herb]1;Joined: 10 Apr '26 ;;Alliance
Aneliana;Altling;25;Rogue;Night Elf;Female;3;Alt;Akariana-WildGrowth,Askariana-WildGrowth,Astelia-WildGrowth,Ineffa-WildGrowth,Nelle-WildGrowth,Thelisia-WildGrowth,Vinelia-WildGrowth,Wiella-WildGrowth(main);19 Jun '26;20 Jun '26;Altling: 20 Jun '26,Imp: 19 Jun '26;;Wiella [Ench]44/[Eng]1;Joined: 19 Jun '26 ;;Alliance
Angebode;Altling;60;Priest;Human;Female;5;Alt;Auslag-WildGrowth,Bedem-WildGrowth,Beeowulf-WildGrowth,Brunhiilde-WildGrowth,Grimmnok-WildGrowth,Heahmòund-WildGrowth,Heahmùnd-WildGrowth,Impurrfect-WildGrowth,Laclau-WildGrowth(main),Shortcomings-WildGrowth,Shortcumming-WildGrowth;04 Dec '25;06 Dec '25;Altling: 06 Dec '25,Imp: 04 Dec '25;;Laclau [TL]/[Ench]300;Joined: 04 Dec '25;;Alliance
Annot;Altling;60;Priest;Human;Female;0.21;Alt;Barritt-WildGrowth,Ciannait-WildGrowth,Detract-WildGrowth,Lunett-WildGrowth,Nerrit-WildGrowth,Prudent-WildGrowth,Robbt-WildGrowth(main),Starlitt-WildGrowth,Truitt-WildGrowth;09 Dec '25;13 Dec '25;Altling: 13 Dec '25,Imp: 09 Dec '25;;Robbie of the Rond Table;Joined: 09 Dec '25;;Alliance
Antagoni;Imp;60;Warrior;Human;Female;2;;;02 Jul '26;02 Jul '26;Imp: 02 Jul '26;;Vivi;Joined: 02 Jul '26 ;;Alliance
Anteg;Altling;60;Paladin;Human;Male;4;Alt;Anaire-WildGrowth,Loashi-WildGrowth(main),Plotka-WildGrowth;19 Dec '25;19 Dec '25;Altling: 19 Dec '25,Imp: 19 Dec '25;;Loashi [Herb]/[Mine]300;Joined: 19 Dec '25;;Alliance
Antheaume;Imp;37;Paladin;Human;Male;37;;;23 Feb '26;23 Feb '26;Imp: 23 Feb '26;;main [Ench]149/[Herb]147;Joined: 23 Feb '26 ;;Alliance
Anure;Fel Reaver;60;Paladin;Human;Male;0.54;Main;Leevancleave-WildGrowth,Shadowgasp-WildGrowth;29 Dec '25;08 Mar '26;Fel Reaver: 08 Mar '26,Imp: 29 Dec '25;;main [Herb]104/[Mine]300;Joined: 29 Dec '25;;Alliance
Anusje;Imp;46;Warlock;Gnome;Female;25;Main;;25 Jun '26;25 Jun '26;Imp: 25 Jun '26;;;Joined: 25 Jun '26 ;;Alliance
Anysoo;Imp;1;Druid;Night Elf;Female;6;;;05 Mar '26;05 Mar '26;Imp: 05 Mar '26;;;Joined: 05 Mar '26 ;;Alliance
Aominê;Imp;60;Paladin;Human;Male;14;;;30 Jun '26;30 Jun '26;Imp: 30 Jun '26;; [Mine]/[Ench]300;Joined: 30 Jun '26;;Alliance
Apollousa;Void Lord (Don);60;Hunter;Night Elf;Female;0.46;Main;Bellerophon-WildGrowth,Cahir-WildGrowth,Hastalavista-WildGrowth,Illmindofapo-WildGrowth,Incorporeal-WildGrowth,Monotone-WildGrowth,Papagandhi-WildGrowth,Ratatat-WildGrowth;22 Nov '25;22 Nov '25;Void Lord (Don): 22 Nov '25;;Apollon Musk [Skin]/[Eng]300;Joined: 22 Nov '25;;Alliance
Aqdonna;Altling;60;Warlock;Human;Female;0.63;Alt;Dracobanko-WildGrowth,Dracobook-WildGrowth,Dracoclone-WildGrowth,Dracodraco-WildGrowth,Dracoheal-WildGrowth,Dracoherb-WildGrowth,Dracohunter-WildGrowth,Dracolight-WildGrowth,Dracolóck-WildGrowth,Dracomage-WildGrowth,Dracomagic-WildGrowth,Dracomine-WildGrowth,Draconaderix-WildGrowth,Draconature-WildGrowth(main),Draconaz-WildGrowth,Draconette-WildGrowth,Draconisse-WildGrowth,Dracorogue-WildGrowth,Dracosilver-WildGrowth,Dracosmash-WildGrowth,Dracostar-WildGrowth,Monkeybutler-WildGrowth,Zgstella-WildGrowth;11 Apr '26;01 May '26;Altling: 01 May '26,Imp: 11 Apr '26;;Draco, Your ad could be here!;Joined: 11 Apr '26 ;;Alliance
Aqsan;Altling;25;Warlock;Human;Female;15;Alt;Minnìva-WildGrowth,Nightwìng-WildGrowth,Robinjr-WildGrowth,Robins-WildGrowth,Robìn-WildGrowth(main),Robìnfarm-WildGrowth;27 Nov '25;27 Nov '25;Altling: 27 Nov '25,Imp: 27 Nov '25;;Robin;Joined: 27 Nov '25;;Alliance
Arconteg;Altling;25;Paladin;Human;Male;0.46;Alt;Arkcorn-WildGrowth,Bearlins-WildGrowth,Bladecorn-WildGrowth,Dastyrlock-WildGrowth,Elkho-WildGrowth,Gnorumbras-WildGrowth,Resticlothy-WildGrowth,Spycorn-WildGrowth(main),Tankone-WildGrowth;28 Jun '26;13 Jul '26;Altling: 13 Jul '26,Imp: 28 Jun '26;;spycorn twink [Alc]121/[BS]106;Joined: 28 Jun '26 ;;Alliance
Ardrisius;Imp;32;Hunter;Night Elf;Male;44;;;13 May '26;13 May '26;Imp: 13 May '26;; [LW]69/[Skin]212main;Joined: 13 May '26 ;;Alliance
Arinala;Altling;60;Warlock;Human;Female;0.46;;;30 May '26;30 May '26;Altling: 30 May '26,Imp: 30 May '26;;Georgie/Destrella [Herb]107;Joined: 30 May '26 ;;Alliance
Arkcorn;Imp;19;Hunter;Night Elf;Male;9;Alt;Arconteg-WildGrowth,Bearlins-WildGrowth,Bladecorn-WildGrowth,Dastyrlock-WildGrowth,Elkho-WildGrowth,Gnorumbras-WildGrowth,Resticlothy-WildGrowth,Spycorn-WildGrowth(main),Tankone-WildGrowth;15 Jul '26;15 Jul '26;Imp: 15 Jul '26;;spycorn;Joined: 15 Jul '26 ;;Alliance
Arysora;Altling;60;Priest;Human;Female;0.67;Alt;Bamryso-WildGrowth,Dalyzia-WildGrowth,Halory-WildGrowth,Mipy-WildGrowth(main),Zalysa-WildGrowth;26 Mar '26;09 Apr '26;Altling: 09 Apr '26,Imp: 26 Mar '26;;Mipy                           ;Joined: 26 Mar '26 ;;Alliance
Ashavedd;Imp;60;Mage;Gnome;Male;84;;;04 Mar '26;04 Mar '26;Imp: 04 Mar '26;; [Herb]300/[Alc]280;Joined: 04 Mar '26 ;;Alliance
Ashkandia;Fel Reaver;60;Paladin;Human;Female;152;Main;Moistspot-WildGrowth;08 Feb '26;01 Mar '26;Fel Reaver: 01 Mar '26,Imp: 08 Feb '26;;Tomas Friend of Toe;Joined: 08 Feb '26 ;;Alliance
Askariana;Arch Fiendling;60;Paladin;Human;Female;0.04;Alt;Akariana-WildGrowth,Aneliana-WildGrowth,Astelia-WildGrowth,Ineffa-WildGrowth,Nelle-WildGrowth,Thelisia-WildGrowth,Vinelia-WildGrowth,Wiella-WildGrowth(main);02 Jan '26;05 Mar '26;Arch Fiendling: 05 Mar '26,Altling: 06 Jan '26,Imp: 02 Jan '26;;Wiella [Mine]271/[Ench]300;Joined: 02 Jan '26;;Alliance
Astelia;Arch Fiendling;60;Hunter;Night Elf;Female;0.02;Alt;Akariana-WildGrowth,Aneliana-WildGrowth,Askariana-WildGrowth,Ineffa-WildGrowth,Nelle-WildGrowth,Thelisia-WildGrowth,Vinelia-WildGrowth,Wiella-WildGrowth(main);09 May '26;09 May '26;Arch Fiendling: 09 May '26,Imp: 09 May '26;;Wiella [Eng]/[Ench]300;Joined: 09 May '26 ;;Alliance
Atka;Imp;60;Priest;Night Elf;Male;151;Main;Atkka-WildGrowth;03 Jan '26;03 Jan '26;Imp: 03 Jan '26;;main [Alc]/[Herb]300;Joined: 03 Jan '26;;Alliance
Atkka;Altling;51;Mage;Gnome;Male;151;Alt;Atka-WildGrowth(main);28 Jan '26;28 Jan '26;Altling: 28 Jan '26,Imp: 27 Jan '26;;Atka doing abracadabra :);Joined: 28 Jan '26;;Alliance
Atlex;Altling;60;Rogue;Night Elf;Female;3;Alt;Lazard-WildGrowth(main),Solarisone-WildGrowth;14 Jul '26;17 Jul '26;Altling: 17 Jul '26,Imp: 14 Jul '26;;Lazard [Eng]101/[Mine]84;Joined: 14 Jul '26 ;;Alliance
Auctionhouse;Imp;1;Priest;Human;Female;12;;;21 May '26;21 May '26;Imp: 21 May '26;;ChickenManagement;Joined: 21 May '26 ;;Alliance
Aurlan;Altling;60;Druid;Night Elf;Female;0.79;Alt;Orangebeard-WildGrowth,Speedstar-WildGrowth,Valiance-WildGrowth(main);21 May '26;11 Jul '26;Altling: 11 Jul '26,Imp: 21 May '26;;Valiance;Joined: 21 May '26 ;;Alliance
Auslag;Altling;60;Mage;Human;Female;3;Alt;Angebode-WildGrowth,Bedem-WildGrowth,Beeowulf-WildGrowth,Brunhiilde-WildGrowth,Grimmnok-WildGrowth,Heahmòund-WildGrowth,Heahmùnd-WildGrowth,Impurrfect-WildGrowth,Laclau-WildGrowth(main),Shortcomings-WildGrowth,Shortcumming-WildGrowth;11 Jan '26;16 Jan '26;Altling: 16 Jan '26,Imp: 11 Jan '26;;Laclau alt [Alc]289/[Ench]300;Joined: 11 Jan '26;;Alliance
Avelira;Altling;60;Warrior;Human;Female;0.54;Alt;Alynel-WildGrowth(main),Hunzi-WildGrowth,Talany-WildGrowth,Zimgar-WildGrowth;21 Mar '26;21 Mar '26;Altling: 21 Mar '26,Imp: 21 Mar '26;;Alynel Zi [Ench]123/[BS]300;Joined: 21 Mar '26 ;;Alliance
Azzazzeal;Fel Reaver;60;Priest;Human;Male;48;Main;Caity-WildGrowth,Crepuscul-WildGrowth;22 Nov '25;24 Nov '25;Fel Reaver: 24 Nov '25;;main [Ench]/[TL]300;Joined: 22 Nov '25;;Alliance
Aêghal;Fel Reaver;60;Hunter;Night Elf;Female;49;Main;Aëgh-WildGrowth;12 Apr '26;28 Apr '26;Fel Reaver: 28 Apr '26,Imp: 12 Apr '26;;main [Skin]300/[LW]282;Joined: 12 Apr '26 ;;Alliance
Aëgh;Altling;18;Warrior;Human;Female;102;Alt;Aêghal-WildGrowth(main);19 Apr '26;19 Apr '26;Altling: 19 Apr '26,Imp: 19 Apr '26;;Aêghal [Mine]69/[Eng]98;Joined: 19 Apr '26 ;;Alliance
Balten;Fel Reaver;60;Paladin;Human;Male;29;Main;;15 Jan '26;15 Jan '26;Fel Reaver: 15 Jan '26,Imp: 15 Jan '26;;main [Ench]60/[Eng]300;Joined: 15 Jan '26;;Alliance
Bamryso;Altling;60;Hunter;Dwarf;Male;4;Alt;Arysora-WildGrowth,Dalyzia-WildGrowth,Halory-WildGrowth,Mipy-WildGrowth(main),Zalysa-WildGrowth;16 Apr '26;16 Apr '26;Altling: 16 Apr '26,Imp: 16 Apr '26;;Mipy                           ;Joined: 16 Apr '26;;Alliance
Bananjonny;Imp;52;Rogue;Night Elf;Male;3;;;27 Jul '26;27 Jul '26;Imp: 27 Jul '26;; [Eng]102/[Mine]71;Joined: 27 Jul '26 ;;Alliance
Bangsista;Imp;60;Hunter;Night Elf;Female;34;;;26 Jun '26;26 Jun '26;Imp: 26 Jun '26;;;Joined: 26 Jun '26 ;;Alliance
Barritt;Altling;60;Warrior;Human;Female;0.02;Alt;Annot-WildGrowth,Ciannait-WildGrowth,Detract-WildGrowth,Lunett-WildGrowth,Nerrit-WildGrowth,Prudent-WildGrowth,Robbt-WildGrowth(main),Starlitt-WildGrowth,Truitt-WildGrowth;23 May '26;02 Jun '26;Altling: 02 Jun '26,Imp: 23 May '26;;Robbt [Mine]/[BS]300;Joined: 23 May '26 ;;Alliance
Barthdruid;Altling;3;Druid;Night Elf;Female;211;Alt;Barthlock-WildGrowth,Barthmage-WildGrowth,Barthpala-WildGrowth,Barthpriest-WildGrowth,Barthun-WildGrowth(main),Barthunter-WildGrowth,Dragonslock-WildGrowth,Silithuslock-WildGrowth;22 Nov '25;24 Nov '25;Altling: 24 Nov '25;;Barthun;Joined: 22 Nov '25;;Alliance
Barthlock;Altling;15;Warlock;Human;Female;234;Alt;Barthdruid-WildGrowth,Barthmage-WildGrowth,Barthpala-WildGrowth,Barthpriest-WildGrowth,Barthun-WildGrowth(main),Barthunter-WildGrowth,Dragonslock-WildGrowth,Silithuslock-WildGrowth;22 Nov '25;24 Nov '25;Altling: 24 Nov '25;;Barthun;Joined: 22 Nov '25;;Alliance
Barthmage;Altling;10;Mage;Human;Female;224;Alt;Barthdruid-WildGrowth,Barthlock-WildGrowth,Barthpala-WildGrowth,Barthpriest-WildGrowth,Barthun-WildGrowth(main),Barthunter-WildGrowth,Dragonslock-WildGrowth,Silithuslock-WildGrowth;22 Nov '25;24 Nov '25;Altling: 24 Nov '25;;Barthun;Joined: 22 Nov '25;;Alliance
Barthpala;Altling;60;Paladin;Human;Female;175;Alt;Barthdruid-WildGrowth,Barthlock-WildGrowth,Barthmage-WildGrowth,Barthpriest-WildGrowth,Barthun-WildGrowth(main),Barthunter-WildGrowth,Dragonslock-WildGrowth,Silithuslock-WildGrowth;21 Nov '25;24 Nov '25;Altling: 24 Nov '25;;Barthun;Joined: 21 Nov '25;;Alliance
Barthpriest;Altling;60;Priest;Night Elf;Female;210;Alt;Barthdruid-WildGrowth,Barthlock-WildGrowth,Barthmage-WildGrowth,Barthpala-WildGrowth,Barthun-WildGrowth(main),Barthunter-WildGrowth,Dragonslock-WildGrowth,Silithuslock-WildGrowth;22 Nov '25;24 Nov '25;Altling: 24 Nov '25;;Barthun;Joined: 22 Nov '25;;Alliance
Barthun;Fel Reaver;60;Warrior;Human;Female;174;Main;Barthdruid-WildGrowth,Barthlock-WildGrowth,Barthmage-WildGrowth,Barthpala-WildGrowth,Barthpriest-WildGrowth,Barthunter-WildGrowth,Dragonslock-WildGrowth,Silithuslock-WildGrowth;21 Nov '25;24 Nov '25;Fel Reaver: 24 Nov '25;;main [Herb]/[Skin]300;Joined: 21 Nov '25;;Alliance
Barthunter;Altling;4;Hunter;Night Elf;Male;211;Alt;Barthdruid-WildGrowth,Barthlock-WildGrowth,Barthmage-WildGrowth,Barthpala-WildGrowth,Barthpriest-WildGrowth,Barthun-WildGrowth(main),Dragonslock-WildGrowth,Silithuslock-WildGrowth;22 Nov '25;24 Nov '25;Altling: 24 Nov '25;;Barthun;Joined: 22 Nov '25;;Alliance
Basherboi;Imp;60;Paladin;Human;Male;35;;;10 Jun '26;10 Jun '26;Imp: 10 Jun '26;;Main - Holy;Joined: 10 Jun '26 ;;Alliance
Bearlins;Altling;44;Druid;Night Elf;Male;0.54;Alt;Arconteg-WildGrowth,Arkcorn-WildGrowth,Bladecorn-WildGrowth,Dastyrlock-WildGrowth,Elkho-WildGrowth,Gnorumbras-WildGrowth,Resticlothy-WildGrowth,Spycorn-WildGrowth(main),Tankone-WildGrowth;17 Dec '25;09 Mar '26;Altling: 09 Mar '26,Imp: 17 Dec '25;;Spycorn Cornwallis;Joined: 17 Dec '25;;Alliance
Bedem;Altling;60;Hunter;Dwarf;Male;3;Alt;Angebode-WildGrowth,Auslag-WildGrowth,Beeowulf-WildGrowth,Brunhiilde-WildGrowth,Grimmnok-WildGrowth,Heahmòund-WildGrowth,Heahmùnd-WildGrowth,Impurrfect-WildGrowth,Laclau-WildGrowth(main),Shortcomings-WildGrowth,Shortcumming-WildGrowth;04 Dec '25;05 Dec '25;Altling: 05 Dec '25,Imp: 04 Dec '25;;Laclau [Skin]/[LW]300;Joined: 04 Dec '25;;Alliance
Beeowulf;Altling;60;Warrior;Human;Male;3;Alt;Angebode-WildGrowth,Auslag-WildGrowth,Bedem-WildGrowth,Brunhiilde-WildGrowth,Grimmnok-WildGrowth,Heahmòund-WildGrowth,Heahmùnd-WildGrowth,Impurrfect-WildGrowth,Laclau-WildGrowth(main),Shortcomings-WildGrowth,Shortcumming-WildGrowth;04 Dec '25;05 Dec '25;Altling: 05 Dec '25,Imp: 04 Dec '25;;Laclau [Alc]/[Herb]300;Joined: 04 Dec '25;;Alliance
Bellerophon;Arch Fiendling;60;Warrior;Gnome;Male;0.46;Alt;Apollousa-WildGrowth(main),Cahir-WildGrowth,Hastalavista-WildGrowth,Illmindofapo-WildGrowth,Incorporeal-WildGrowth,Monotone-WildGrowth,Papagandhi-WildGrowth,Ratatat-WildGrowth;23 Nov '25;23 Nov '25;Arch Fiendling: 23 Nov '25,Imp: 23 Nov '25;;Bellon Musk [BS]/[Eng]300;Joined: 23 Nov '25;;Alliance
Belove;Void Knight;60;Druid;Night Elf;Female;24;Main;Hollymolle-WildGrowth,Lanadelprey-WildGrowth,Lubowa-WildGrowth,Merylsheep-WildGrowth,Tentacleport-WildGrowth,Unlockyou-WildGrowth;05 Jan '26;08 Mar '26;Void Knight: 08 Mar '26,Fel Reaver: 16 Jan '26,Imp: 05 Jan '26;;dommy main [Alc]/[Herb]300;Joined: 05 Jan '26;;Alliance
Bemily;Imp;55;Priest;Human;Female;220;Main;;30 Nov '25;31 Nov '25;Imp: 31 Nov '25;;main [Alc]278/[Herb]300;Joined: 30 Nov '25 ;;Alliance
Bianca;Imp;15;Hunter;Dwarf;Female;177;Main;;01 Feb '26;01 Feb '26;Imp: 01 Feb '26;;main, belongs to Wylder :D;Joined: 01 Feb '26 ;;Alliance
Birgér;Imp;60;Priest;Human;Female;2;Main;;09 Dec '25;09 Dec '25;Imp: 09 Dec '25;;main Friend Kiri [Alc]/[TL]300;Joined: 09 Dec '25;;Alliance
Bissah;Altling;60;Druid;Night Elf;Female;215;Alt;Pewpewpwepwe-WildGrowth,Searinglight-WildGrowth(main),Searingrogue-WildGrowth,Seethingdark-WildGrowth,Shreera-WildGrowth;21 Nov '25;21 Nov '25;Altling: 21 Nov '25,Imp: 21 Nov '25;;Searing [Alc]/[Herb]300;Joined: 21 Nov '25;;Alliance
Bjørneñbjørn;Imp;60;Druid;Night Elf;Male;36;Main;Lysstrålen-WildGrowth;02 Jan '26;02 Jan '26;Imp: 02 Jan '26;; [Eng]/[LW]300;Joined: 02 Jan '26;;Alliance
Bladecorn;Altling;60;Rogue;Gnome;Male;7;Alt;Arconteg-WildGrowth,Arkcorn-WildGrowth,Bearlins-WildGrowth,Dastyrlock-WildGrowth,Elkho-WildGrowth,Gnorumbras-WildGrowth,Resticlothy-WildGrowth,Spycorn-WildGrowth(main),Tankone-WildGrowth;24 Nov '25;24 Nov '25;Altling: 24 Nov '25,Imp: 24 Nov '25;;Spycorn;Joined: 24 Nov '25;;Alliance
Blastblast;Imp;60;Rogue;Gnome;Female;36;;;08 Apr '26;08 Apr '26;Imp: 08 Apr '26;; [Mine]/[Eng]300;Joined: 08 Apr '26 ;;Alliance
Blastbärchi;Altling;60;Mage;Gnome;Male;70;Alt;Knuddlbärchi-WildGrowth,Knûddlbärchi-WildGrowth(main),Schmübärchi-WildGrowth;16 May '26;16 May '26;Altling: 16 May '26,Imp: 15 May '26;;Knûddlbärchi;Joined: 16 May '26 ;;Alliance
Blazani;Fel Reaver;60;Warrior;Dwarf;Female;188;Main;;28 Nov '25;15 Dec '25;Fel Reaver: 15 Dec '25,Imp: 28 Nov '25;;main [Mine]/[BS]300;Joined: 28 Nov '25;;Alliance
Blooddogg;Altling;60;Warlock;Human;Female;252;Alt;Kadpri-WildGrowth,Kaduk-WildGrowth,Kadwar-WildGrowth(main);22 Nov '25;24 Nov '25;Altling: 24 Nov '25;;Kaduk [Skin]210/[TL]300;Joined: 22 Nov '25;;Alliance
Bluelion;Altling;60;Paladin;Human;Female;2;Alt;Bluepost-WildGrowth(main),Notu-WildGrowth;22 Nov '25;24 Nov '25;Altling: 24 Nov '25;;Bluepost [Alc]/[Eng]300;Joined: 22 Nov '25;;Alliance
Bluepost;Void Knight;60;Paladin;Human;Female;2;Main;Bluelion-WildGrowth,Notu-WildGrowth;24 Nov '25;24 Nov '25;Void Knight: 24 Nov '25,Imp: 24 Nov '25;;main chad [Eng]/[Mine]300;Joined: 24 Nov '25 ;;Alliance
Bluke;Imp;43;Warrior;Human;Male;44;;;20 May '26;20 May '26;Imp: 20 May '26;; [Mine]121/[BS]77;Joined: 20 May '26 ;;Alliance
Boldylocky;Imp;10;Warlock;Gnome;Male;35;;;05 Mar '26;05 Mar '26;Imp: 05 Mar '26;;;Joined: 05 Mar '26 ;;Alliance
Boliath;Altling;60;Hunter;Night Elf;Male;0.54;;;14 Feb '26;29 May '26;Altling: 29 May '26,Imp: 14 Feb '26;;Denz My dad is a chocolate man;Joined: 14 Feb '26 ;;Alliance
Bolmyr;Imp;60;Paladin;Dwarf;Male;5;Main;;11 Jan '26;11 Jan '26;Imp: 11 Jan '26;;main;Joined: 11 Jan '26;;Alliance
Bongsavut;Imp;60;Paladin;Dwarf;Male;0.96;;;30 Jun '26;30 Jun '26;Imp: 30 Jun '26;;Main character syndrome;Joined: 30 Jun '26 ;;Alliance
Boomrond;Arch Fiendling;60;Druid;Night Elf;Male;14;Alt;Boromoney-WildGrowth,Carnagebonk-WildGrowth,Divinrond-WildGrowth,Eviscerond-WildGrowth,Faraheal-WildGrowth,Healrond-WildGrowth(main),Irvdruid-WildGrowth,Irvh-WildGrowth,Irvmend-WildGrowth,Irvpal-WildGrowth,Mayhempots-WildGrowth,Meanrond-WildGrowth,Sarumancer-WildGrowth,Steelrond-WildGrowth,Wyverond-WildGrowth;06 Apr '26;06 Apr '26;Arch Fiendling: 06 Apr '26,Imp: 06 Apr '26;;Boobrond;Joined: 06 Apr '26 ;;Alliance
Bootybaee;Imp;2;Mage;Human;Female;8;;;02 Jul '26;02 Jul '26;Imp: 02 Jul '26;;Saintxvi bank alt;Joined: 02 Jul '26 ;;Alliance
Bootyy;Imp;56;Warlock;Gnome;Female;58;;;21 May '26;21 May '26;Imp: 21 May '26;;£50000 for advert here;Joined: 21 May '26 ;;Alliance
Borofinal;Imp;60;Paladin;Human;Female;42;;;10 Jun '26;10 Jun '26;Imp: 10 Jun '26;;;Joined: 10 Jun '26 ;;Alliance
Boromoney;Altling;25;Mage;Human;Male;0.08;Alt;Boomrond-WildGrowth,Carnagebonk-WildGrowth,Divinrond-WildGrowth,Eviscerond-WildGrowth,Faraheal-WildGrowth,Healrond-WildGrowth(main),Irvdruid-WildGrowth,Irvh-WildGrowth,Irvmend-WildGrowth,Irvpal-WildGrowth,Mayhempots-WildGrowth,Meanrond-WildGrowth,Sarumancer-WildGrowth,Steelrond-WildGrowth,Wyverond-WildGrowth;30 Nov '25;16 Jan '26;Altling: 16 Jan '26,Imp: 28 Nov '25;;Guildbank0rondo [Ench]37/[TL]64;Joined: 30 Nov '25;;Alliance
Bottis;Altling;60;Priest;Dwarf;Male;49;Alt;Bøttarn-WildGrowth,Evilbot-WildGrowth,Evilheals-WildGrowth,Evilhunta-WildGrowth,Evillockis-WildGrowth,Evilyoda-WildGrowth;18 May '26;18 May '26;Altling: 18 May '26,Imp: 18 May '26;;Sir Evil Bot a lot;Joined: 18 May '26 ;;Alliance
Bottmage;Altling;60;Mage;Gnome;Male;52;Alt;Evilpallyh-WildGrowth(main);26 Apr '26;26 Apr '26;Altling: 26 Apr '26,Imp: 26 Apr '26;;Evilpallyh;Joined: 26 Apr '26 ;;Alliance
Brennessel;Altling;22;Warrior;Human;Female;156;Alt;Fenchel-WildGrowth(main),Hagebutte-WildGrowth,Liebstöckel-WildGrowth;07 Feb '26;07 Feb '26;Altling: 07 Feb '26,Imp: 07 Feb '26;;Fenchel [Mine]92/[Eng]132;Joined: 07 Feb '26 ;;Alliance
Bruderhaus;Imp;60;Paladin;Human;Female;65;;;18 May '26;18 May '26;Imp: 18 May '26;; [Alc]300/[Herb]135;Joined: 18 May '26 ;;Alliance
Brunhiilde;Altling;60;Paladin;Human;Female;3;Alt;Angebode-WildGrowth,Auslag-WildGrowth,Bedem-WildGrowth,Beeowulf-WildGrowth,Grimmnok-WildGrowth,Heahmòund-WildGrowth,Heahmùnd-WildGrowth,Impurrfect-WildGrowth,Laclau-WildGrowth(main),Shortcomings-WildGrowth,Shortcumming-WildGrowth;04 Dec '25;15 Dec '25;Altling: 15 Dec '25,Imp: 04 Dec '25;;Laclau [Eng]/[BS]300;Joined: 04 Dec '25;;Alliance
Bubbliie;Altling;60;Paladin;Human;Female;84;Alt;Akabow-WildGrowth,Akaslam-WildGrowth,Akastab-WildGrowth,Shapíe-WildGrowth(main),Sorcerius-WildGrowth;27 Nov '25;27 Nov '25;Altling: 27 Nov '25,Imp: 27 Nov '25;;Shapie;Joined: 27 Nov '25;;Alliance
Bumbataker;Altling;60;Rogue;Gnome;Male;14;Alt;Czeq-WildGrowth,Denzél-WildGrowth(main),Noøt-WildGrowth,Oompå-WildGrowth,Wonkà-WildGrowth;20 Nov '25;20 Nov '25;Altling: 20 Nov '25,Altling: 21 Nov '25,Altling: 20 Nov '25,Imp: 20 Nov '25;;Denzel [LW]/[Alc]300;Joined: 20 Nov '25;;Alliance
Bumsum;Altling;25;Warlock;Human;Male;2;Alt;Landrath-WildGrowth,Mysticbum-WildGrowth,Sumbum-WildGrowth(main);21 Jul '26;25 Jul '26;Altling: 25 Jul '26,Imp: 21 Jul '26;;big bum theory [TL]147/[Ench]42;Joined: 21 Jul '26 ;;Alliance
Bunnyslipper;Imp;30;Warrior;Gnome;Female;10;;;21 Jun '26;21 Jun '26;Imp: 21 Jun '26;;;Joined: 21 Jun '26 ;;Alliance
Bunní;Altling;60;Mage;Human;Female;2;Alt;Amicia-WildGrowth,Mistí-WildGrowth,Mousíe-WildGrowth,Vivisteria-WildGrowth,Víví-WildGrowth(main);19 May '26;02 Jun '26;Altling: 02 Jun '26,Imp: 19 May '26;;Vivichen [Ench]/[Herb]300;Joined: 19 May '26 ;;Alliance
Burciswaff;Imp;60;Paladin;Dwarf;Female;46;;;13 Jun '26;13 Jun '26;Imp: 13 Jun '26;; [Ench]59/[Mine]292;Joined: 13 Jun '26 ;;Alliance
Bushmaster;Imp;60;Rogue;Night Elf;Male;241;Main;Locksta-WildGrowth;26 Nov '25;26 Nov '25;Imp: 26 Nov '25;;Main [Eng]/[Ench]300;Joined: 26 Nov '25;;Alliance
Bøttarn;Imp;60;Druid;Night Elf;Female;50;Alt;Bottis-WildGrowth,Evilbot-WildGrowth,Evilheals-WildGrowth,Evilhunta-WildGrowth,Evillockis-WildGrowth,Evilyoda-WildGrowth;19 May '26;19 May '26;Imp: 19 May '26;;Evil [Alc]295/[Herb]300;Joined: 19 May '26 ;;Alliance
Cadela;Imp;60;Paladin;Human;Female;87;;;07 Apr '26;07 Apr '26;Imp: 07 Apr '26;; [Mine]83/[Ench]87;Joined: 07 Apr '26 ;;Alliance
Cahir;Arch Fiendling;60;Warlock;Gnome;Male;0.46;Alt;Apollousa-WildGrowth(main),Bellerophon-WildGrowth,Hastalavista-WildGrowth,Illmindofapo-WildGrowth,Incorporeal-WildGrowth,Monotone-WildGrowth,Papagandhi-WildGrowth,Ratatat-WildGrowth;19 Dec '25;20 Dec '25;Arch Fiendling: 20 Dec '25,Imp: 19 Dec '25;;pAppagandhi;Joined: 19 Dec '25;;Alliance
Caity;Altling;60;Rogue;Night Elf;Female;227;Alt;Azzazzeal-WildGrowth(main),Crepuscul-WildGrowth;22 Nov '25;24 Nov '25;Altling: 24 Nov '25;;Azazzeal Tank[Mine]300/[Ench]60;Joined: 22 Nov '25;;Alliance
Camelf;Imp;15;Hunter;Night Elf;Male;116;;;26 Dec '25;26 Dec '25;Imp: 26 Dec '25;;Healrond's kid 2;Joined: 26 Dec '25;;Alliance
Carkq;Imp;60;Paladin;Human;Male;14;;;01 Jul '26;01 Jul '26;Imp: 01 Jul '26;; [Eng]/[BS]225;Joined: 01 Jul '26 ;;Alliance
Carnagebonk;Imp;1;Warrior;Night Elf;Female;0.08;Alt;Boomrond-WildGrowth,Boromoney-WildGrowth,Divinrond-WildGrowth,Eviscerond-WildGrowth,Faraheal-WildGrowth,Healrond-WildGrowth(main),Irvdruid-WildGrowth,Irvh-WildGrowth,Irvmend-WildGrowth,Irvpal-WildGrowth,Mayhempots-WildGrowth,Meanrond-WildGrowth,Sarumancer-WildGrowth,Steelrond-WildGrowth,Wyverond-WildGrowth;11 May '26;11 May '26;Imp: 11 May '26;;;Joined: 11 May '26 ;;Alliance
Casalla;Imp;60;Rogue;Gnome;Male;0.02;Main;;20 Jun '26;20 Jun '26;Imp: 20 Jun '26;;main Casalla: Spanish best shot;Joined: 20 Jun '26 ;;Alliance
Casperlee;Altling;60;Hunter;Night Elf;Female;0.83;Alt;Daney-WildGrowth,Jimmeyy-WildGrowth,Joeeyy-WildGrowth,Johney-WildGrowth(main),Móuse-WildGrowth,Roney-WildGrowth,Yaney-WildGrowth;20 Mar '26;01 May '26;Altling: 01 May '26,Imp: 20 Mar '26,Left Guild: 08 Dec '25,Altling: 26 Nov '25,Imp: 26 Nov '25;;Johney [LW]/[Herb]300;Rejoined: 20 Mar '26 ;;Alliance
Ccw;Altling;60;Warlock;Human;Female;0.46;Alt;Huntter-WildGrowth,Kffc-WildGrowth,Orrp-WildGrowth(main),Priestkw-WildGrowth,Srt-WildGrowth,Trrt-WildGrowth;22 Nov '25;24 Nov '25;Altling: 24 Nov '25;;Orrp [Ench]/[TL]300;Joined: 22 Nov '25;;Alliance
Chadaura;Altling;60;Paladin;Human;Male;0.46;Main;;20 Jun '26;24 Jul '26;Altling: 24 Jul '26,Imp: 20 Jun '26;;SOD Last Hope is here #ChadRun;Joined: 20 Jun '26 ;;Alliance
Chiyomaru;Imp;60;Warrior;Human;Female;14;Alt;Dorkweb-WildGrowth(main),Pallall-WildGrowth;03 May '26;03 May '26;Imp: 03 May '26;;main [BS]/[Eng]300;Joined: 03 May '26 ;;Alliance
Chokladsous;Altling;60;Warrior;Gnome;Female;129;Alt;Diakrath-WildGrowth,Mjini-WildGrowth,Netti-WildGrowth(main),Prata-WildGrowth;23 Nov '25;23 Nov '25;Altling: 23 Nov '25,Imp: 23 Nov '25;;Netti [BS]300/[LW]288;Joined: 23 Nov '25;;Alliance
Ciannait;Altling;60;Warlock;Human;Female;0.21;Alt;Annot-WildGrowth,Barritt-WildGrowth,Detract-WildGrowth,Lunett-WildGrowth,Nerrit-WildGrowth,Prudent-WildGrowth,Robbt-WildGrowth(main),Starlitt-WildGrowth,Truitt-WildGrowth;21 Nov '25;21 Nov '25;Altling: 21 Nov '25;;Robbt [TL]/[Ench]300;Joined: 21 Nov '25;;Alliance
Cickány;Fel Reaver;60;Priest;Human;Female;3;Main;Kickany-WildGrowth;20 Jan '26;09 Mar '26;Fel Reaver: 09 Mar '26,Imp: 20 Jan '26;;main [Eng]/[TL]300;Joined: 20 Jan '26 ;;Alliance
Cielinskiego;Imp;41;Hunter;Night Elf;Male;46;;;13 Jun '26;13 Jun '26;Imp: 13 Jun '26;;;Joined: 13 Jun '26 ;;Alliance
Clankyclick;Imp;1;Druid;Night Elf;Male;29;;;05 Mar '26;05 Mar '26;Imp: 05 Mar '26;;;Joined: 05 Mar '26 ;;Alliance
Clauddiejr;Altling;60;Warrior;Human;Male;7;Alt;Claudiea-WildGrowth,Claudini-WildGrowth(main),Clodette-WildGrowth,Clozy-WildGrowth,Exodini-WildGrowth,Goauld-WildGrowth,Gogordito-WildGrowth;22 Apr '26;28 Apr '26;Altling: 28 Apr '26,Imp: 22 Apr '26;;Clauddie;Joined: 22 Apr '26 ;;Alliance
Claudiea;Altling;60;Rogue;Night Elf;Female;0.75;Alt;Clauddiejr-WildGrowth,Claudini-WildGrowth(main),Clodette-WildGrowth,Clozy-WildGrowth,Exodini-WildGrowth,Goauld-WildGrowth,Gogordito-WildGrowth;24 Mar '26;28 May '26;Altling: 28 May '26,Imp: 24 Mar '26;;Clauddy;Joined: 24 Mar '26 ;;Alliance
Claudini;Fel Reaver;60;Warlock;Gnome;Male;8;Main;Clauddiejr-WildGrowth,Claudiea-WildGrowth,Clodette-WildGrowth,Clozy-WildGrowth,Exodini-WildGrowth,Goauld-WildGrowth,Gogordito-WildGrowth;10 Feb '26;10 Feb '26;Fel Reaver: 10 Feb '26,Imp: 10 Feb '26;;alt [TL]/[Mine]300;Joined: 10 Feb '26 ;;Alliance
Clavigula;Arch Fiend;60;Paladin;Human;Male;0.21;Main;Compostel-WildGrowth;20 Nov '25;17 May '26;Arch Fiend: 17 May '26,Arch Fiendling: 06 May '26,Arch Fiend: 20 Nov '25,Member: 20 Nov '25;;LeFromageQuiMarche[BS]/[Eng]300;Joined: 20 Nov '25 ;;Alliance
Clickerxz;Imp;1;Druid;Night Elf;Female;29;;;05 Mar '26;05 Mar '26;Imp: 05 Mar '26;;;Joined: 05 Mar '26 ;;Alliance
Clikkyclack;Imp;1;Druid;Night Elf;Female;34;;;05 Mar '26;05 Mar '26;Imp: 05 Mar '26;;;Joined: 05 Mar '26 ;;Alliance
Clodette;Altling;60;Priest;Human;Female;8;Alt;Clauddiejr-WildGrowth,Claudiea-WildGrowth,Claudini-WildGrowth(main),Clozy-WildGrowth,Exodini-WildGrowth,Goauld-WildGrowth,Gogordito-WildGrowth;18 Feb '26;18 Feb '26;Altling: 18 Feb '26,Imp: 18 Feb '26;;Claudini [Herb]300;Joined: 18 Feb '26 ;;Alliance
Clonedivilia;Imp;60;Paladin;Human;Female;0.42;;;23 Jun '26;23 Jun '26;Imp: 23 Jun '26;;George;Joined: 23 Jun '26 ;;Alliance
Clozy;Altling;60;Hunter;Night Elf;Female;0.92;Alt;Clauddiejr-WildGrowth,Claudiea-WildGrowth,Claudini-WildGrowth(main),Clodette-WildGrowth,Exodini-WildGrowth,Goauld-WildGrowth,Gogordito-WildGrowth;12 Mar '26;26 Mar '26;Altling: 26 Mar '26,Imp: 12 Mar '26;;Clauddy [LW]44/[Skin]75;Joined: 12 Mar '26 ;;Alliance
Cluu;Altling;60;Hunter;Night Elf;Female;41;Alt;Itscluu-WildGrowth,Notcluu-WildGrowth(main);21 Apr '26;02 Jun '26;Altling: 02 Jun '26,Imp: 21 Apr '26;;notcluu alt [Mine]101;Joined: 21 Apr '26 ;;Alliance
Cnotka;Altling;17;Hunter;Night Elf;Female;131;;;28 Jan '26;28 Jan '26;Altling: 28 Jan '26,Imp: 28 Jan '26;;;Joined: 28 Jan '26 ;;Alliance
Coing;Altling;56;Rogue;Gnome;Male;95;;;20 Apr '26;20 Apr '26;Altling: 20 Apr '26,Imp: 20 Apr '26;;Aeghal [Eng]236/[LW]251;Joined: 20 Apr '26 ;;Alliance
Compostel;Arch Fiendling;60;Priest;Dwarf;Male;0.67;Alt;Clavigula-WildGrowth(main);20 Nov '25;09 Mar '26;Arch Fiendling: 09 Mar '26,Altling: 26 Jan '26,Imp: 20 Nov '25,Imp: 21 Nov '25,Imp: 20 Nov '25;;Clavi [Mine]/[Eng]300;Joined: 20 Nov '25;;Alliance
Constantÿne;Imp;60;Paladin;Human;Male;24;;;16 May '26;16 May '26;Imp: 16 May '26;; [BS]/[Mine]300;Joined: 16 May '26 ;;Alliance
Coodla;Fel Reaver;60;Rogue;Human;Female;132;Main;Matyldicka-WildGrowth;22 Nov '25;24 Nov '25;Fel Reaver: 24 Nov '25;;main [LW]/[Eng]300;Joined: 22 Nov '25;;Alliance
Crepuscul;Altling;60;Mage;Gnome;Male;227;Alt;Azzazzeal-WildGrowth(main),Caity-WildGrowth;22 Nov '25;24 Nov '25;Altling: 24 Nov '25;;Azazzeal [Alc]/[Herb]300;Joined: 22 Nov '25;;Alliance
Cwaniara;Void Knight;60;Rogue;Gnome;Female;131;Main;Forttis-WildGrowth,Furianin-WildGrowth;26 Nov '25;26 Nov '25;Void Knight: 26 Nov '25,Imp: 26 Nov '25;;main [Skin]/[LW]300;Joined: 26 Nov '25;;Alliance
Cyriøn;Altling;60;Paladin;Human;Male;83;Alt;Eyrith-WildGrowth,Tiggadin-WildGrowth,Tiggrou-WildGrowth(main);24 Nov '25;24 Nov '25;Altling: 24 Nov '25,Imp: 24 Nov '25;;Tiggrou [Eng]/[BS]300;Joined: 24 Nov '25;;Alliance
Czeq;Altling;60;Paladin;Dwarf;Male;0.58;Alt;Bumbataker-WildGrowth,Denzél-WildGrowth(main),Noøt-WildGrowth,Oompå-WildGrowth,Wonkà-WildGrowth;21 Nov '25;21 Nov '25;Altling: 21 Nov '25,Fel Reaver: 21 Nov '25;;Denzel Washington;Joined: 21 Nov '25 ;;Alliance
Cátkìtty;Altling;60;Druid;Night Elf;Female;0.46;;;14 Jul '26;25 Jul '26;Altling: 25 Jul '26,Imp: 14 Jul '26;;Destrella/George;Joined: 14 Jul '26 ;;Alliance
Céltic;Imp;21;Paladin;Human;Male;38;;;22 Jun '26;22 Jun '26;Imp: 22 Jun '26;;;Joined: 22 Jun '26 ;;Alliance
Daddycup;Imp;60;Paladin;Human;Male;27;Main;;11 Dec '25;11 Dec '25;Imp: 11 Dec '25;;main [Eng]/[Ench]300;Joined: 11 Dec '25;;Alliance
Dagá;Fel Reaver;60;Warrior;Human;Male;0.08;Main;Mirevi-WildGrowth;19 May '26;13 Jul '26;Fel Reaver: 13 Jul '26,Imp: 19 May '26;;main [Mine]300/[BS]284;Joined: 19 May '26 ;;Alliance
Daifuka;Imp;28;Mage;Gnome;Female;0.83;Alt;Katakura-WildGrowth(main),Perospera-WildGrowth;11 Jun '26;11 Jun '26;Imp: 11 Jun '26;;Alt Katakura;Joined: 11 Jun '26 ;;Alliance
Dalmas;Imp;60;Mage;Gnome;Male;14;;;11 Jun '26;11 Jun '26;Imp: 11 Jun '26;;;Joined: 11 Jun '26 ;;Alliance
Dalyzia;Altling;60;Druid;Night Elf;Female;7;Alt;Arysora-WildGrowth,Bamryso-WildGrowth,Halory-WildGrowth,Mipy-WildGrowth(main),Zalysa-WildGrowth;04 May '26;04 May '26;Altling: 04 May '26,Imp: 04 May '26;;Mipy Demon;Joined: 04 May '26 ;;Alliance
Damonski;Imp;60;Paladin;Human;Male;28;;;01 Jul '26;01 Jul '26;Imp: 01 Jul '26;; [Mine]300/[BS]251;Joined: 01 Jul '26 ;;Alliance
Danathar;Imp;60;Paladin;Human;Male;2;;;26 Jul '26;26 Jul '26;Imp: 26 Jul '26;; [Herb]/[Alc]300;Joined: 26 Jul '26 ;;Alliance
Daney;Altling;60;Hunter;Dwarf;Male;15;Alt;Casperlee-WildGrowth,Jimmeyy-WildGrowth,Joeeyy-WildGrowth,Johney-WildGrowth(main),Móuse-WildGrowth,Roney-WildGrowth,Yaney-WildGrowth;29 Dec '25;01 Jan '26;Altling: 01 Jan '26,Imp: 31 Dec '25,Left Guild: 08 Dec '25,Fel Reaver: 24 Nov '25,Imp: 24 Nov '25;;Johney [Skin]/[Mine]300;Joined: 29 Dec '25;;Alliance
Darksin;Altling;60;Mage;Human;Female;38;;;01 May '26;03 May '26;Altling: 03 May '26,Imp: 01 May '26;;Omize alt;Joined: 01 May '26 ;;Alliance
Dastyrlock;Altling;60;Warlock;Human;Male;12;Alt;Arconteg-WildGrowth,Arkcorn-WildGrowth,Bearlins-WildGrowth,Bladecorn-WildGrowth,Elkho-WildGrowth,Gnorumbras-WildGrowth,Resticlothy-WildGrowth,Spycorn-WildGrowth(main),Tankone-WildGrowth;17 Dec '25;09 Mar '26;Altling: 09 Mar '26,Imp: 17 Dec '25;;Spycorn [Ench]57/[Herb]65;Joined: 17 Dec '25;;Alliance
Davè;Imp;10;Priest;Human;Male;30;Alt;Olìver-WildGrowth(main);30 Jun '26;30 Jun '26;Imp: 30 Jun '26;;Oliver's alt;Joined: 30 Jun '26;;Alliance
Dawnswake;Imp;37;Paladin;Dwarf;Male;27;;;01 Jul '26;01 Jul '26;Imp: 01 Jul '26;; [Eng]1/[Mine]8;Joined: 01 Jul '26;;Alliance
Deadly;Imp;60;Druid;Night Elf;Male;8;;;06 May '26;06 May '26;Imp: 06 May '26;; [Alc]/[Herb]300;Joined: 06 May '26 ;;Alliance
Dejlig;Imp;60;Priest;Night Elf;Female;4;;;26 Jul '26;26 Jul '26;Imp: 26 Jul '26;;main [Alc]300/[Herb]1;Joined: 26 Jul '26 ;;Alliance
Delvîn;Fel Reaver;60;Hunter;Dwarf;Male;0.58;Main;Larîssa-WildGrowth;17 May '26;13 Jul '26;Fel Reaver: 13 Jul '26,Imp: 17 May '26;;main [LW]/[Skin]300;Joined: 17 May '26 ;;Alliance
Demolock;Imp;60;Rogue;Human;Female;163;Main;;31 Jan '26;31 Jan '26;Imp: 31 Jan '26;;main [Skin]272/[Herb]300;Joined: 31 Jan '26 ;;Alliance
Demonfleisch;Altling;60;Warlock;Gnome;Female;4;Alt;Eulenvlees-WildGrowth,Kleinfleisch-WildGrowth,Knackfleisch-WildGrowth(main);19 Dec '25;19 Dec '25;Altling: 19 Dec '25,Imp: 19 Dec '25;;Fleischnacken [Herb]/[LW]300;Joined: 19 Dec '25;;Alliance
Denhar;Imp;52;Rogue;Human;Male;3;;;27 Jul '26;27 Jul '26;Imp: 27 Jul '26;; [Mine]9/[BS]1;Joined: 27 Jul '26 ;;Alliance
Denzél;Void Knight;60;Warrior;Gnome;Male;0.54;Main;Bumbataker-WildGrowth,Czeq-WildGrowth,Noøt-WildGrowth,Oompå-WildGrowth,Wonkà-WildGrowth;20 Nov '25;17 Jun '26;Void Knight: 17 Jun '26,Fel Reaver: 20 Nov '25,Imp: 20 Nov '25;;main Denzel Washington¿;Joined: 20 Nov '25;;Alliance
Destrella;Fel Reaver;60;Rogue;Gnome;Female;0.46;Main;Georgeington-WildGrowth,Voidgorge-WildGrowth,Waldalo-WildGrowth;24 May '26;04 Jul '26;Fel Reaver: 04 Jul '26,Imp: 24 May '26;;main [Mine]/[Alc]300;Joined: 24 May '26 ;;Alliance
Detract;Altling;60;Rogue;Human;Female;2;Alt;Annot-WildGrowth,Barritt-WildGrowth,Ciannait-WildGrowth,Lunett-WildGrowth,Nerrit-WildGrowth,Prudent-WildGrowth,Robbt-WildGrowth(main),Starlitt-WildGrowth,Truitt-WildGrowth;21 Nov '25;21 Nov '25;Altling: 21 Nov '25;;Robbt [Eng]/[LW]300;Joined: 21 Nov '25;;Alliance
Diakrath;Altling;60;Priest;Human;Female;72;Alt;Chokladsous-WildGrowth,Mjini-WildGrowth,Netti-WildGrowth(main),Prata-WildGrowth;26 Nov '25;06 Jan '26;Altling: 06 Jan '26,Imp: 26 Nov '25;;Netti [TL]300/[Alc]290;Joined: 26 Nov '25;;Alliance
Divilia;Altling;60;Paladin;Human;Female;0.33;;;14 Jun '26;13 Jul '26;Altling: 13 Jul '26,Imp: 14 Jun '26;;Destrella [TL]300/[Ench]260;Joined: 14 Jun '26 ;;Alliance
Divinrond;Imp;13;Paladin;Human;Female;6;Alt;Boomrond-WildGrowth,Boromoney-WildGrowth,Carnagebonk-WildGrowth,Eviscerond-WildGrowth,Faraheal-WildGrowth,Healrond-WildGrowth(main),Irvdruid-WildGrowth,Irvh-WildGrowth,Irvmend-WildGrowth,Irvpal-WildGrowth,Mayhempots-WildGrowth,Meanrond-WildGrowth,Sarumancer-WildGrowth,Steelrond-WildGrowth,Wyverond-WildGrowth;08 Jun '26;08 Jun '26;Imp: 08 Jun '26;;;Joined: 08 Jun '26 ;;Alliance
Dodia;Altling;60;Rogue;Human;Female;41;Alt;Indigen-WildGrowth,Pantherhands-WildGrowth,Undia-WildGrowth(main);07 Apr '26;07 Apr '26;Altling: 07 Apr '26,Imp: 07 Apr '26;;Undia [LW]/[Ench]300;Joined: 07 Apr '26 ;;Alliance
Dogatemyball;Imp;60;Priest;Dwarf;Male;3;;;27 Jul '26;27 Jul '26;Imp: 27 Jul '26;;husca alt [Alc]254/[TL]258;Joined: 27 Jul '26 ;;Alliance
Dolchomatin;Altling;60;Rogue;Night Elf;Female;1;Alt;Ranogar-WildGrowth(main);16 Jul '26;16 Jul '26;Altling: 16 Jul '26,Imp: 16 Jul '26;;Ranogar [Mine]/[Skin]300;Joined: 16 Jul '26 ;;Alliance
Dorant;Fel Reaver;60;Warlock;Human;Male;72;Main;Gruffee-WildGrowth,Pellinore-WildGrowth,Slugger-WildGrowth;21 Nov '25;13 Feb '26;Fel Reaver: 13 Feb '26,Altling: 11 Dec '25,Imp: 21 Nov '25;;main [Ench]/[TL]300;Joined: 21 Nov '25;;Alliance
Dorfmiez;Imp;41;Druid;Night Elf;Female;1;;;28 Jul '26;28 Jul '26;Imp: 28 Jul '26;; [Skin]/[LW]1;Joined: 28 Jul '26 ;;Alliance
Dorkweb;Altling;60;Druid;Night Elf;Female;7;Main;Chiyomaru-WildGrowth,Pallall-WildGrowth;10 May '26;10 May '26;Altling: 10 May '26,Imp: 10 May '26;;Chiyomaru [Mine]/[Herb]300;Joined: 10 May '26 ;;Alliance
Douchegician;Imp;60;Mage;Gnome;Male;3;;;26 Apr '26;26 Apr '26;Imp: 26 Apr '26;;main [Ench]/[TL]300;Joined: 26 Apr '26 ;;Alliance
Douchekin;Altling;60;Druid;Night Elf;Male;3;;;09 Jul '26;26 Jul '26;Altling: 26 Jul '26,Imp: 09 Jul '26;;Douchegician [Eng]269/[Mine]251;Joined: 09 Jul '26 ;;Alliance
Douchemuffin;Imp;60;Rogue;Human;Male;3;;;19 May '26;19 May '26;Imp: 19 May '26;; [Alc]/[Herb]300;Joined: 19 May '26 ;;Alliance
Dovaah;Imp;60;Paladin;Dwarf;Male;62;Main;Dovahhunt-WildGrowth;29 Apr '26;29 Apr '26;Imp: 29 Apr '26;;main :D [Ench]/[Mine]300;Joined: 29 Apr '26;;Alliance
Dovahhunt;Altling;45;Hunter;Dwarf;Male;62;Alt;Dovaah-WildGrowth(main);06 May '26;09 May '26;Altling: 09 May '26,Imp: 06 May '26;;Dovaah [Skin]300/[LW]34;Joined: 06 May '26 ;;Alliance
Dracobanko;Arch Fiendling;60;Mage;Gnome;Female;0.04;Alt;Aqdonna-WildGrowth,Dracobook-WildGrowth,Dracoclone-WildGrowth,Dracodraco-WildGrowth,Dracoheal-WildGrowth,Dracoherb-WildGrowth,Dracohunter-WildGrowth,Dracolight-WildGrowth,Dracolóck-WildGrowth,Dracomage-WildGrowth,Dracomagic-WildGrowth,Dracomine-WildGrowth,Draconaderix-WildGrowth,Draconature-WildGrowth(main),Draconaz-WildGrowth,Draconette-WildGrowth,Draconisse-WildGrowth,Dracorogue-WildGrowth,Dracosilver-WildGrowth,Dracosmash-WildGrowth,Dracostar-WildGrowth,Monkeybutler-WildGrowth,Zgstella-WildGrowth;05 Mar '26;25 Mar '26;Arch Fiendling: 25 Mar '26,Imp: 05 Mar '26;;;Joined: 05 Mar '26 ;;Alliance
Dracobook;Arch Fiendling;60;Druid;Night Elf;Female;0.92;Alt;Aqdonna-WildGrowth,Dracobanko-WildGrowth,Dracoclone-WildGrowth,Dracodraco-WildGrowth,Dracoheal-WildGrowth,Dracoherb-WildGrowth,Dracohunter-WildGrowth,Dracolight-WildGrowth,Dracolóck-WildGrowth,Dracomage-WildGrowth,Dracomagic-WildGrowth,Dracomine-WildGrowth,Draconaderix-WildGrowth,Draconature-WildGrowth(main),Draconaz-WildGrowth,Draconette-WildGrowth,Draconisse-WildGrowth,Dracorogue-WildGrowth,Dracosilver-WildGrowth,Dracosmash-WildGrowth,Dracostar-WildGrowth,Monkeybutler-WildGrowth,Zgstella-WildGrowth;02 Apr '26;25 Apr '26;Arch Fiendling: 25 Apr '26,Altling: 02 Apr '26,Imp: 02 Apr '26;;Draco in the library;Joined: 02 Apr '26 ;;Alliance
Dracoclone;Arch Fiendling;60;Druid;Night Elf;Female;0.13;Alt;Aqdonna-WildGrowth,Dracobanko-WildGrowth,Dracobook-WildGrowth,Dracodraco-WildGrowth,Dracoheal-WildGrowth,Dracoherb-WildGrowth,Dracohunter-WildGrowth,Dracolight-WildGrowth,Dracolóck-WildGrowth,Dracomage-WildGrowth,Dracomagic-WildGrowth,Dracomine-WildGrowth,Draconaderix-WildGrowth,Draconature-WildGrowth(main),Draconaz-WildGrowth,Draconette-WildGrowth,Draconisse-WildGrowth,Dracorogue-WildGrowth,Dracosilver-WildGrowth,Dracosmash-WildGrowth,Dracostar-WildGrowth,Monkeybutler-WildGrowth,Zgstella-WildGrowth;27 Dec '25;30 Jan '26;Arch Fiendling: 30 Jan '26,Altling: 16 Jan '26,Imp: 27 Dec '25;;Draco mirrored [Eng]/[Ench]300;Joined: 27 Dec '25;;Alliance
Dracodraco;Arch Fiendling;60;Druid;Night Elf;Female;0.92;Alt;Aqdonna-WildGrowth,Dracobanko-WildGrowth,Dracobook-WildGrowth,Dracoclone-WildGrowth,Dracoheal-WildGrowth,Dracoherb-WildGrowth,Dracohunter-WildGrowth,Dracolight-WildGrowth,Dracolóck-WildGrowth,Dracomage-WildGrowth,Dracomagic-WildGrowth,Dracomine-WildGrowth,Draconaderix-WildGrowth,Draconature-WildGrowth(main),Draconaz-WildGrowth,Draconette-WildGrowth,Draconisse-WildGrowth,Dracorogue-WildGrowth,Dracosilver-WildGrowth,Dracosmash-WildGrowth,Dracostar-WildGrowth,Monkeybutler-WildGrowth,Zgstella-WildGrowth;02 Jun '26;02 Jun '26;Arch Fiendling: 02 Jun '26,Imp: 02 Jun '26;;Draco in Brazil [Skin]28/[LW]1;Joined: 02 Jun '26 ;;Alliance
Dracoheal;Arch Fiendling;60;Priest;Dwarf;Female;0.79;Alt;Aqdonna-WildGrowth,Dracobanko-WildGrowth,Dracobook-WildGrowth,Dracoclone-WildGrowth,Dracodraco-WildGrowth,Dracoherb-WildGrowth,Dracohunter-WildGrowth,Dracolight-WildGrowth,Dracolóck-WildGrowth,Dracomage-WildGrowth,Dracomagic-WildGrowth,Dracomine-WildGrowth,Draconaderix-WildGrowth,Draconature-WildGrowth(main),Draconaz-WildGrowth,Draconette-WildGrowth,Draconisse-WildGrowth,Dracorogue-WildGrowth,Dracosilver-WildGrowth,Dracosmash-WildGrowth,Dracostar-WildGrowth,Monkeybutler-WildGrowth,Zgstella-WildGrowth;20 Nov '25;23 Nov '25;Arch Fiendling: 23 Nov '25,Altling: 21 Nov '25,Imp: 21 Nov '25,Imp: 21 Nov '25,Imp: 20 Nov '25;;Dracolins [Ench]112/[Eng]300;Joined: 20 Nov '25;;Alliance
Dracoherb;Arch Fiendling;60;Druid;Night Elf;Female;1;Alt;Aqdonna-WildGrowth,Dracobanko-WildGrowth,Dracobook-WildGrowth,Dracoclone-WildGrowth,Dracodraco-WildGrowth,Dracoheal-WildGrowth,Dracohunter-WildGrowth,Dracolight-WildGrowth,Dracolóck-WildGrowth,Dracomage-WildGrowth,Dracomagic-WildGrowth,Dracomine-WildGrowth,Draconaderix-WildGrowth,Draconature-WildGrowth(main),Draconaz-WildGrowth,Draconette-WildGrowth,Draconisse-WildGrowth,Dracorogue-WildGrowth,Dracosilver-WildGrowth,Dracosmash-WildGrowth,Dracostar-WildGrowth,Monkeybutler-WildGrowth,Zgstella-WildGrowth;29 May '26;29 May '26;Arch Fiendling: 29 May '26,Imp: 29 May '26;;Draco in Monaco;Joined: 29 May '26 ;;Alliance
Dracohunter;Arch Fiendling;60;Hunter;Dwarf;Female;0.13;Alt;Aqdonna-WildGrowth,Dracobanko-WildGrowth,Dracobook-WildGrowth,Dracoclone-WildGrowth,Dracodraco-WildGrowth,Dracoheal-WildGrowth,Dracoherb-WildGrowth,Dracolight-WildGrowth,Dracolóck-WildGrowth,Dracomage-WildGrowth,Dracomagic-WildGrowth,Dracomine-WildGrowth,Draconaderix-WildGrowth,Draconature-WildGrowth(main),Draconaz-WildGrowth,Draconette-WildGrowth,Draconisse-WildGrowth,Dracorogue-WildGrowth,Dracosilver-WildGrowth,Dracosmash-WildGrowth,Dracostar-WildGrowth,Monkeybutler-WildGrowth,Zgstella-WildGrowth;20 Nov '25;23 Nov '25;Arch Fiendling: 23 Nov '25,Altling: 21 Nov '25,Imp: 21 Nov '25,Imp: 21 Nov '25,Imp: 20 Nov '25;;Draco in the Sabana;Joined: 20 Nov '25;;Alliance
Dracolight;Arch Fiendling;60;Druid;Night Elf;Female;0.04;Alt;Aqdonna-WildGrowth,Dracobanko-WildGrowth,Dracobook-WildGrowth,Dracoclone-WildGrowth,Dracodraco-WildGrowth,Dracoheal-WildGrowth,Dracoherb-WildGrowth,Dracohunter-WildGrowth,Dracolóck-WildGrowth,Dracomage-WildGrowth,Dracomagic-WildGrowth,Dracomine-WildGrowth,Draconaderix-WildGrowth,Draconature-WildGrowth(main),Draconaz-WildGrowth,Draconette-WildGrowth,Draconisse-WildGrowth,Dracorogue-WildGrowth,Dracosilver-WildGrowth,Dracosmash-WildGrowth,Dracostar-WildGrowth,Monkeybutler-WildGrowth,Zgstella-WildGrowth;20 Nov '25;23 Nov '25;Arch Fiendling: 23 Nov '25,Imp: 21 Nov '25,Imp: 21 Nov '25,Imp: 20 Nov '25;;Draco with a cigarette;Joined: 20 Nov '25;;Alliance
Dracolóck;Arch Fiendling;60;Warlock;Gnome;Female;0.04;Alt;Aqdonna-WildGrowth,Dracobanko-WildGrowth,Dracobook-WildGrowth,Dracoclone-WildGrowth,Dracodraco-WildGrowth,Dracoheal-WildGrowth,Dracoherb-WildGrowth,Dracohunter-WildGrowth,Dracolight-WildGrowth,Dracomage-WildGrowth,Dracomagic-WildGrowth,Dracomine-WildGrowth,Draconaderix-WildGrowth,Draconature-WildGrowth(main),Draconaz-WildGrowth,Draconette-WildGrowth,Draconisse-WildGrowth,Dracorogue-WildGrowth,Dracosilver-WildGrowth,Dracosmash-WildGrowth,Dracostar-WildGrowth,Monkeybutler-WildGrowth,Zgstella-WildGrowth;17 Dec '25;03 Feb '26;Arch Fiendling: 03 Feb '26,Imp: 17 Dec '25;;Draco Magician [Alc]300/[TL]33;Joined: 17 Dec '25;;Alliance
Dracomage;Arch Fiendling;60;Mage;Gnome;Female;0.04;Alt;Aqdonna-WildGrowth,Dracobanko-WildGrowth,Dracobook-WildGrowth,Dracoclone-WildGrowth,Dracodraco-WildGrowth,Dracoheal-WildGrowth,Dracoherb-WildGrowth,Dracohunter-WildGrowth,Dracolight-WildGrowth,Dracolóck-WildGrowth,Dracomagic-WildGrowth,Dracomine-WildGrowth,Draconaderix-WildGrowth,Draconature-WildGrowth(main),Draconaz-WildGrowth,Draconette-WildGrowth,Draconisse-WildGrowth,Dracorogue-WildGrowth,Dracosilver-WildGrowth,Dracosmash-WildGrowth,Dracostar-WildGrowth,Monkeybutler-WildGrowth,Zgstella-WildGrowth;18 Apr '26;18 Apr '26;Arch Fiendling: 18 Apr '26,Imp: 18 Apr '26;;Draco shopping at Temu;Joined: 18 Apr '26 ;;Alliance
Dracomagic;Arch Fiendling;60;Mage;Gnome;Female;1;Alt;Aqdonna-WildGrowth,Dracobanko-WildGrowth,Dracobook-WildGrowth,Dracoclone-WildGrowth,Dracodraco-WildGrowth,Dracoheal-WildGrowth,Dracoherb-WildGrowth,Dracohunter-WildGrowth,Dracolight-WildGrowth,Dracolóck-WildGrowth,Dracomage-WildGrowth,Dracomine-WildGrowth,Draconaderix-WildGrowth,Draconature-WildGrowth(main),Draconaz-WildGrowth,Draconette-WildGrowth,Draconisse-WildGrowth,Dracorogue-WildGrowth,Dracosilver-WildGrowth,Dracosmash-WildGrowth,Dracostar-WildGrowth,Monkeybutler-WildGrowth,Zgstella-WildGrowth;20 Nov '25;23 Nov '25;Arch Fiendling: 23 Nov '25,Imp: 21 Nov '25,Imp: 21 Nov '25,Imp: 20 Nov '25;;Draco on Theatre [Eng]/[Alc]1;Joined: 20 Nov '25;;Alliance
Dracomine;Arch Fiendling;60;Warrior;Human;Female;0.13;Alt;Aqdonna-WildGrowth,Dracobanko-WildGrowth,Dracobook-WildGrowth,Dracoclone-WildGrowth,Dracodraco-WildGrowth,Dracoheal-WildGrowth,Dracoherb-WildGrowth,Dracohunter-WildGrowth,Dracolight-WildGrowth,Dracolóck-WildGrowth,Dracomage-WildGrowth,Dracomagic-WildGrowth,Draconaderix-WildGrowth,Draconature-WildGrowth(main),Draconaz-WildGrowth,Draconette-WildGrowth,Draconisse-WildGrowth,Dracorogue-WildGrowth,Dracosilver-WildGrowth,Dracosmash-WildGrowth,Dracostar-WildGrowth,Monkeybutler-WildGrowth,Zgstella-WildGrowth;14 May '26;14 May '26;Arch Fiendling: 14 May '26,Imp: 14 May '26;;Draco lrning mixed martial arts;Joined: 14 May '26 ;;Alliance
Draconaderix;Arch Fiendling;60;Warlock;Gnome;Female;0.13;Alt;Aqdonna-WildGrowth,Dracobanko-WildGrowth,Dracobook-WildGrowth,Dracoclone-WildGrowth,Dracodraco-WildGrowth,Dracoheal-WildGrowth,Dracoherb-WildGrowth,Dracohunter-WildGrowth,Dracolight-WildGrowth,Dracolóck-WildGrowth,Dracomage-WildGrowth,Dracomagic-WildGrowth,Dracomine-WildGrowth,Draconature-WildGrowth(main),Draconaz-WildGrowth,Draconette-WildGrowth,Draconisse-WildGrowth,Dracorogue-WildGrowth,Dracosilver-WildGrowth,Dracosmash-WildGrowth,Dracostar-WildGrowth,Monkeybutler-WildGrowth,Zgstella-WildGrowth;21 Nov '25;23 Nov '25;Arch Fiendling: 23 Nov '25,Imp: 20 Nov '25;;Draco at the Beach;Joined: 21 Nov '25;;Alliance
Draconature;Arch Fiend;60;Druid;Night Elf;Female;0.08;Main;Aqdonna-WildGrowth,Dracobanko-WildGrowth,Dracobook-WildGrowth,Dracoclone-WildGrowth,Dracodraco-WildGrowth,Dracoheal-WildGrowth,Dracoherb-WildGrowth,Dracohunter-WildGrowth,Dracolight-WildGrowth,Dracolóck-WildGrowth,Dracomage-WildGrowth,Dracomagic-WildGrowth,Dracomine-WildGrowth,Draconaderix-WildGrowth,Draconaz-WildGrowth,Draconette-WildGrowth,Draconisse-WildGrowth,Dracorogue-WildGrowth,Dracosilver-WildGrowth,Dracosmash-WildGrowth,Dracostar-WildGrowth,Monkeybutler-WildGrowth,Zgstella-WildGrowth;20 Nov '25;03 Dec '25;Arch Fiend: 03 Dec '25,Arch Fiendling: 21 Nov '25,Void Knight: 21 Nov '25,Fel Reaver: 21 Nov '25,Altling: 21 Nov '25,Imp: 21 Nov '25,Imp: 21 Nov '25,Imp: 20 Nov '25;;Dracopopolution [Alc]/[Eng]300;Joined: 20 Nov '25;;Alliance
Draconaz;Arch Fiendling;60;Warrior;Human;Male;0.08;Alt;Aqdonna-WildGrowth,Dracobanko-WildGrowth,Dracobook-WildGrowth,Dracoclone-WildGrowth,Dracodraco-WildGrowth,Dracoheal-WildGrowth,Dracoherb-WildGrowth,Dracohunter-WildGrowth,Dracolight-WildGrowth,Dracolóck-WildGrowth,Dracomage-WildGrowth,Dracomagic-WildGrowth,Dracomine-WildGrowth,Draconaderix-WildGrowth,Draconature-WildGrowth(main),Draconette-WildGrowth,Draconisse-WildGrowth,Dracorogue-WildGrowth,Dracosilver-WildGrowth,Dracosmash-WildGrowth,Dracostar-WildGrowth,Monkeybutler-WildGrowth,Zgstella-WildGrowth;20 Nov '25;23 Nov '25;Arch Fiendling: 23 Nov '25,Imp: 21 Nov '25,Imp: 21 Nov '25,Imp: 20 Nov '25;;Draco in russia [Mine]/[BS]300;Joined: 20 Nov '25;;Alliance
Draconette;Arch Fiendling;60;Paladin;Human;Female;0.08;Alt;Aqdonna-WildGrowth,Dracobanko-WildGrowth,Dracobook-WildGrowth,Dracoclone-WildGrowth,Dracodraco-WildGrowth,Dracoheal-WildGrowth,Dracoherb-WildGrowth,Dracohunter-WildGrowth,Dracolight-WildGrowth,Dracolóck-WildGrowth,Dracomage-WildGrowth,Dracomagic-WildGrowth,Dracomine-WildGrowth,Draconaderix-WildGrowth,Draconature-WildGrowth(main),Draconaz-WildGrowth,Draconisse-WildGrowth,Dracorogue-WildGrowth,Dracosilver-WildGrowth,Dracosmash-WildGrowth,Dracostar-WildGrowth,Monkeybutler-WildGrowth,Zgstella-WildGrowth;20 Nov '25;23 Nov '25;Arch Fiendling: 23 Nov '25,Imp: 21 Nov '25,Imp: 21 Nov '25,Imp: 20 Nov '25;;Draco in Itali [Eng]/[Herb]300;Joined: 20 Nov '25;;Alliance
Draconisse;Arch Fiendling;18;Paladin;Dwarf;Male;10;Alt;Aqdonna-WildGrowth,Dracobanko-WildGrowth,Dracobook-WildGrowth,Dracoclone-WildGrowth,Dracodraco-WildGrowth,Dracoheal-WildGrowth,Dracoherb-WildGrowth,Dracohunter-WildGrowth,Dracolight-WildGrowth,Dracolóck-WildGrowth,Dracomage-WildGrowth,Dracomagic-WildGrowth,Dracomine-WildGrowth,Draconaderix-WildGrowth,Draconature-WildGrowth(main),Draconaz-WildGrowth,Draconette-WildGrowth,Dracorogue-WildGrowth,Dracosilver-WildGrowth,Dracosmash-WildGrowth,Dracostar-WildGrowth,Monkeybutler-WildGrowth,Zgstella-WildGrowth;28 Nov '25;28 Nov '25;Arch Fiendling: 28 Nov '25,Imp: 28 Nov '25;;Draco i guess? xD;Joined: 28 Nov '25;;Alliance
Dracorogue;Arch Fiendling;60;Rogue;Gnome;Female;0.88;Alt;Aqdonna-WildGrowth,Dracobanko-WildGrowth,Dracobook-WildGrowth,Dracoclone-WildGrowth,Dracodraco-WildGrowth,Dracoheal-WildGrowth,Dracoherb-WildGrowth,Dracohunter-WildGrowth,Dracolight-WildGrowth,Dracolóck-WildGrowth,Dracomage-WildGrowth,Dracomagic-WildGrowth,Dracomine-WildGrowth,Draconaderix-WildGrowth,Draconature-WildGrowth(main),Draconaz-WildGrowth,Draconette-WildGrowth,Draconisse-WildGrowth,Dracosilver-WildGrowth,Dracosmash-WildGrowth,Dracostar-WildGrowth,Monkeybutler-WildGrowth,Zgstella-WildGrowth;20 Nov '25;23 Nov '25;Arch Fiendling: 23 Nov '25,Altling: 20 Nov '25,Altling: 21 Nov '25,Altling: 20 Nov '25,Imp: 20 Nov '25;;Draco stealing candys;Joined: 20 Nov '25;;Alliance
Dracosilver;Arch Fiendling;60;Paladin;Human;Female;0.02;Alt;Aqdonna-WildGrowth,Dracobanko-WildGrowth,Dracobook-WildGrowth,Dracoclone-WildGrowth,Dracodraco-WildGrowth,Dracoheal-WildGrowth,Dracoherb-WildGrowth,Dracohunter-WildGrowth,Dracolight-WildGrowth,Dracolóck-WildGrowth,Dracomage-WildGrowth,Dracomagic-WildGrowth,Dracomine-WildGrowth,Draconaderix-WildGrowth,Draconature-WildGrowth(main),Draconaz-WildGrowth,Draconette-WildGrowth,Draconisse-WildGrowth,Dracorogue-WildGrowth,Dracosmash-WildGrowth,Dracostar-WildGrowth,Monkeybutler-WildGrowth,Zgstella-WildGrowth;31 Jan '26;11 Feb '26;Arch Fiendling: 11 Feb '26,Imp: 31 Jan '26;;Draco Heal [Skin]/[Mine]300;Joined: 31 Jan '26 ;;Alliance
Dracosmash;Arch Fiendling;60;Paladin;Dwarf;Male;0.08;Alt;Aqdonna-WildGrowth,Dracobanko-WildGrowth,Dracobook-WildGrowth,Dracoclone-WildGrowth,Dracodraco-WildGrowth,Dracoheal-WildGrowth,Dracoherb-WildGrowth,Dracohunter-WildGrowth,Dracolight-WildGrowth,Dracolóck-WildGrowth,Dracomage-WildGrowth,Dracomagic-WildGrowth,Dracomine-WildGrowth,Draconaderix-WildGrowth,Draconature-WildGrowth(main),Draconaz-WildGrowth,Draconette-WildGrowth,Draconisse-WildGrowth,Dracorogue-WildGrowth,Dracosilver-WildGrowth,Dracostar-WildGrowth,Monkeybutler-WildGrowth,Zgstella-WildGrowth;30 Jun '26;30 Jun '26;Arch Fiendling: 30 Jun '26,Imp: 29 Jun '26;;Draco full send drunk;Joined: 30 Jun '26;;Alliance
Dracostar;Imp;1;Paladin;Human;Female;41;Alt;Aqdonna-WildGrowth,Dracobanko-WildGrowth,Dracobook-WildGrowth,Dracoclone-WildGrowth,Dracodraco-WildGrowth,Dracoheal-WildGrowth,Dracoherb-WildGrowth,Dracohunter-WildGrowth,Dracolight-WildGrowth,Dracolóck-WildGrowth,Dracomage-WildGrowth,Dracomagic-WildGrowth,Dracomine-WildGrowth,Draconaderix-WildGrowth,Draconature-WildGrowth(main),Draconaz-WildGrowth,Draconette-WildGrowth,Draconisse-WildGrowth,Dracorogue-WildGrowth,Dracosilver-WildGrowth,Dracosmash-WildGrowth,Monkeybutler-WildGrowth,Zgstella-WildGrowth;17 Apr '26;17 Apr '26;Imp: 17 Apr '26;;;Joined: 17 Apr '26 ;;Alliance
Dragonslock;Altling;10;Warlock;Human;Female;252;Alt;Barthdruid-WildGrowth,Barthlock-WildGrowth,Barthmage-WildGrowth,Barthpala-WildGrowth,Barthpriest-WildGrowth,Barthun-WildGrowth(main),Barthunter-WildGrowth,Silithuslock-WildGrowth;22 Nov '25;24 Nov '25;Altling: 24 Nov '25;;Barthun?;Joined: 22 Nov '25;;Alliance
Drangsa;Imp;60;Paladin;Human;Female;100;Main;Drangse-WildGrowth;06 Apr '26;06 Apr '26;Imp: 06 Apr '26;;main;Joined: 06 Apr '26 ;;Alliance
Drangse;Altling;60;Druid;Night Elf;Female;100;Alt;Drangsa-WildGrowth(main);06 Apr '26;06 Apr '26;Altling: 06 Apr '26,Imp: 06 Apr '26;;Drangsa;Joined: 06 Apr '26 ;;Alliance
Dreadnes;Altling;60;Priest;Human;Male;0.79;Alt;Dreadness-WildGrowth(main),Dreadnés-WildGrowth,Dreadnéss-WildGrowth;30 Jan '26;11 Feb '26;Altling: 11 Feb '26,Imp: 30 Jan '26;;Dreadness [Ench]/[TL]225;Joined: 30 Jan '26 ;;Alliance
Dreadness;Void Knight;60;Paladin;Human;Male;0.79;Main;Dreadnes-WildGrowth,Dreadnés-WildGrowth,Dreadnéss-WildGrowth;05 Jan '26;08 Mar '26;Void Knight: 08 Mar '26,Fel Reaver: 16 Jan '26,Imp: 05 Jan '26;;Daddy Dread main [BS]/[Mine]300;Joined: 05 Jan '26;;Alliance
Dreadnés;Altling;60;Druid;Night Elf;Male;0.79;Alt;Dreadnes-WildGrowth,Dreadness-WildGrowth(main),Dreadnéss-WildGrowth;02 Feb '26;02 Feb '26;Altling: 02 Feb '26,Imp: 02 Feb '26;;DaddyFirecat Dreadness ;Joined: 02 Feb '26 ;;Alliance
Dreadnéss;Altling;60;Mage;Gnome;Male;0.79;Alt;Dreadnes-WildGrowth,Dreadness-WildGrowth(main),Dreadnés-WildGrowth;05 Jan '26;05 Jan '26;Altling: 05 Jan '26,Imp: 05 Jan '26;;Sugar Daddy Dread;Joined: 05 Jan '26;;Alliance
Dreamzqt;Imp;60;Warrior;Gnome;Female;35;;;25 Jun '26;25 Jun '26;Imp: 25 Jun '26;; [BS]290/[Eng]285;Joined: 25 Jun '26 ;;Alliance
Drflo;Altling;34;Druid;Night Elf;Female;42;;;01 May '26;03 May '26;Altling: 03 May '26,Imp: 01 May '26;;Omize alt;Joined: 01 May '26 ;;Alliance
Drgsas;Imp;20;Paladin;Human;Female;29;;;02 Jun '26;02 Jun '26;Imp: 02 Jun '26;;;Joined: 02 Jun '26 ;;Alliance
Druidten;Imp;25;Druid;Night Elf;Female;3;;;23 Jun '26;23 Jun '26;Imp: 23 Jun '26;;;Joined: 23 Jun '26 ;;Alliance
Druraid;Altling;60;Druid;Night Elf;Female;91;Alt;Meminpal-WildGrowth,Meminto-WildGrowth(main),Meminvoid-WildGrowth;26 Nov '25;26 Nov '25;Altling: 26 Nov '25,Imp: 26 Nov '25;;Meminto [Alc]/[Herb]300;Joined: 26 Nov '25;;Alliance
Druxm;Altling;60;Druid;Night Elf;Female;9;Alt;Hunxm-WildGrowth,Paxm-WildGrowth,Pxm-WildGrowth,Rxm-WildGrowth(main),Unycorn-WildGrowth,Waxm-WildGrowth;13 May '26;13 May '26;Altling: 13 May '26,Imp: 13 May '26;;Rxm [LW]250;Joined: 13 May '26 ;;Alliance
Duckiling;Fel Reaver;60;Rogue;Human;Female;100;Main;Duckkin-WildGrowth;03 Dec '25;03 Dec '25;Fel Reaver: 03 Dec '25,Imp: 03 Dec '25;;Duck of the Rond Table;Joined: 03 Dec '25;;Alliance
Duckkin;Altling;60;Druid;Night Elf;Female;106;Alt;Duckiling-WildGrowth(main);27 Nov '25;04 Dec '25;Altling: 04 Dec '25,Imp: 27 Nov '25;;Little Dicky [Alc]/[Herb]300;Joined: 27 Nov '25;;Alliance
Dziki;Fel Reaver;60;Druid;Night Elf;Male;1;Main;;29 Dec '25;13 Jul '26;Fel Reaver: 13 Jul '26,Imp: 29 Dec '25;;main Friend Loashi [Alc]300;Joined: 29 Dec '25;;Alliance
Eatbread;Imp;60;Hunter;Night Elf;Male;29;;;30 Jun '26;30 Jun '26;Imp: 30 Jun '26;;main [LW]125/[Skin]251;Joined: 30 Jun '26;;Alliance
Eatspicy;Imp;60;Paladin;Dwarf;Male;28;;;27 Jun '26;27 Jun '26;Imp: 27 Jun '26;; [Mine]78/[BS]1;Joined: 27 Jun '26 ;;Alliance
Eddit;Imp;60;Hunter;Night Elf;Female;29;;;01 Jul '26;01 Jul '26;Imp: 01 Jul '26;; [Skin]274/[Mine]300;Joined: 01 Jul '26 ;;Alliance
Elbruunie;Imp;60;Druid;Night Elf;Female;0.58;;;14 Jun '26;14 Jun '26;Imp: 14 Jun '26;;;Joined: 14 Jun '26 ;;Alliance
Elefantbajs;Fel Reaver;60;Druid;Night Elf;Female;3;Main;Tigermasken-WildGrowth;21 Jun '26;13 Jul '26;Fel Reaver: 13 Jul '26,Imp: 21 Jun '26;; [LW]/[Skin]300;Joined: 21 Jun '26 ;;Alliance
Elefay;Imp;60;Warrior;Human;Female;16;;;08 May '26;08 May '26;Imp: 08 May '26;;main [Herb]4/[Alc]134;Joined: 08 May '26 ;;Alliance
Elihdin;Imp;60;Paladin;Human;Male;0.04;;;22 Jul '26;22 Jul '26;Imp: 22 Jul '26;;My name ELIH - Ret/Prot;Joined: 22 Jul '26 ;;Alliance
Elkho;Altling;60;Warrior;Human;Male;0.5;Alt;Arconteg-WildGrowth,Arkcorn-WildGrowth,Bearlins-WildGrowth,Bladecorn-WildGrowth,Dastyrlock-WildGrowth,Gnorumbras-WildGrowth,Resticlothy-WildGrowth,Spycorn-WildGrowth(main),Tankone-WildGrowth;23 Nov '25;23 Nov '25;Altling: 23 Nov '25,Imp: 23 Nov '25;;Spycorn [BS]167/[Mine]300;Joined: 23 Nov '25;;Alliance
Ellendris;Imp;53;Warrior;Night Elf;Female;0.58;Main;;14 Jul '26;14 Jul '26;Imp: 14 Jul '26;;main [BS]34/[Mine]31;Joined: 14 Jul '26 ;;Alliance
Escarbo;Imp;60;Rogue;Human;Male;11;Main;;14 Jun '26;14 Jun '26;Imp: 14 Jun '26;; [Alc]/[Herb]300;Joined: 14 Jun '26 ;;Alliance
Eulenvlees;Altling;60;Druid;Night Elf;Female;12;Alt;Demonfleisch-WildGrowth,Kleinfleisch-WildGrowth,Knackfleisch-WildGrowth(main);30 Nov '25;15 Dec '25;Altling: 15 Dec '25,Imp: 31 Nov '25;;Knackfleisch [Eng]/[Mine]300;Joined: 30 Nov '25 ;;Alliance
Evilbot;Fel Reaver;60;Rogue;Night Elf;Female;46;Alt;Bottis-WildGrowth,Bøttarn-WildGrowth,Evilheals-WildGrowth,Evilhunta-WildGrowth,Evillockis-WildGrowth,Evilyoda-WildGrowth;06 May '26;22 May '26;Fel Reaver: 22 May '26,Altling: 14 May '26,Imp: 06 May '26;;Main [Skin]78;Joined: 06 May '26 ;;Alliance
Evilfresh;Imp;10;Warlock;Human;Female;38;;;17 Jun '26;17 Jun '26;Imp: 17 Jun '26;;Evil;Joined: 17 Jun '26 ;;Alliance
Evilheals;Imp;15;Paladin;Human;Female;38;Alt;Bottis-WildGrowth,Bøttarn-WildGrowth,Evilbot-WildGrowth,Evilhunta-WildGrowth,Evillockis-WildGrowth,Evilyoda-WildGrowth;22 Jun '26;22 Jun '26;Imp: 22 Jun '26;;;Joined: 22 Jun '26 ;;Alliance
Evilhunta;Altling;7;Hunter;Night Elf;Male;74;Alt;Bottis-WildGrowth,Bøttarn-WildGrowth,Evilbot-WildGrowth,Evilheals-WildGrowth,Evillockis-WildGrowth,Evilyoda-WildGrowth;17 May '26;17 May '26;Altling: 17 May '26,Imp: 17 May '26;;Evil;Joined: 17 May '26 ;;Alliance
Evillockis;Altling;60;Warlock;Gnome;Male;48;Alt;Bottis-WildGrowth,Bøttarn-WildGrowth,Evilbot-WildGrowth,Evilheals-WildGrowth,Evilhunta-WildGrowth,Evilyoda-WildGrowth;26 Apr '26;26 Apr '26;Altling: 26 Apr '26,Imp: 26 Apr '26;;Evilpallyh [Mine]/[Eng]300;Joined: 26 Apr '26 ;;Alliance
Evilpallyh;Altling;60;Paladin;Human;Male;46;Main;Bottmage-WildGrowth;26 Apr '26;22 May '26;Altling: 22 May '26,Imp: 26 Apr '26;;Evil [Skin]254/[Ench]300;Joined: 26 Apr '26 ;;Alliance
Evilwife;Imp;60;Hunter;Night Elf;Female;19;;;26 May '26;26 May '26;Imp: 26 May '26;;Belongs to Evil [Alc]1/[Herb]4;Joined: 26 May '26 ;;Alliance
Evilyoda;Imp;60;Mage;Gnome;Female;94;Alt;Bottis-WildGrowth,Bøttarn-WildGrowth,Evilbot-WildGrowth,Evilheals-WildGrowth,Evilhunta-WildGrowth,Evillockis-WildGrowth;27 Jan '26;27 Jan '26;Imp: 27 Jan '26;; [Ench]/[TL]300;Joined: 27 Jan '26 ;;Alliance
Eviscerond;Arch Fiendling;46;Rogue;Night Elf;Male;2;Alt;Boomrond-WildGrowth,Boromoney-WildGrowth,Carnagebonk-WildGrowth,Divinrond-WildGrowth,Faraheal-WildGrowth,Healrond-WildGrowth(main),Irvdruid-WildGrowth,Irvh-WildGrowth,Irvmend-WildGrowth,Irvpal-WildGrowth,Mayhempots-WildGrowth,Meanrond-WildGrowth,Sarumancer-WildGrowth,Steelrond-WildGrowth,Wyverond-WildGrowth;14 Jun '26;20 Jun '26;Arch Fiendling: 20 Jun '26,Imp: 14 Jun '26;;Crouching tiger hidden Rondo;Joined: 14 Jun '26 ;;Alliance
Exodini;Altling;60;Paladin;Human;Male;0.92;Alt;Clauddiejr-WildGrowth,Claudiea-WildGrowth,Claudini-WildGrowth(main),Clodette-WildGrowth,Clozy-WildGrowth,Goauld-WildGrowth,Gogordito-WildGrowth;28 Feb '26;30 Feb '26;Altling: 30 Feb '26,Imp: 27 Feb '26;;Claudini [Ench]57/[Skin]94;Joined: 28 Feb '26 ;;Alliance
Eyrith;Altling;60;Druid;Night Elf;Female;84;Alt;Cyriøn-WildGrowth,Tiggadin-WildGrowth,Tiggrou-WildGrowth(main);21 Nov '25;21 Nov '25;Altling: 21 Nov '25;;Tiggrou [Mine]/[Herb]300;Joined: 21 Nov '25;;Alliance
Fahtima;Imp;40;Hunter;Dwarf;Female;0.08;;;28 Jul '26;28 Jul '26;Imp: 28 Jul '26;;Katakura Alt;Joined: 28 Jul '26 ;;Alliance
Fakenews;Altling;60;Warrior;Night Elf;Female;0.5;Alt;Fbx-WildGrowth,Lbx-WildGrowth,Mbx-WildGrowth,Pbx-WildGrowth(main),Ubx-WildGrowth;06 May '26;27 May '26;Altling: 27 May '26,Imp: 06 May '26;;pbx is here [Eng]/[Alc]300;Joined: 06 May '26 ;;Alliance
Faraheal;Altling;14;Paladin;Human;Male;0.67;Alt;Boomrond-WildGrowth,Boromoney-WildGrowth,Carnagebonk-WildGrowth,Divinrond-WildGrowth,Eviscerond-WildGrowth,Healrond-WildGrowth(main),Irvdruid-WildGrowth,Irvh-WildGrowth,Irvmend-WildGrowth,Irvpal-WildGrowth,Mayhempots-WildGrowth,Meanrond-WildGrowth,Sarumancer-WildGrowth,Steelrond-WildGrowth,Wyverond-WildGrowth;26 Dec '25;16 Jan '26;Altling: 16 Jan '26,Imp: 26 Dec '25;;Drunk rondo, dont tell the kids;Joined: 26 Dec '25;;Alliance
Farligbølle;Imp;60;Warrior;Dwarf;Male;2;;;20 Jul '26;20 Jul '26;Imp: 20 Jul '26;;aaah for helved [Eng]/[Mine]300;Joined: 20 Jul '26 ;;Alliance
Fbx;Altling;60;Hunter;Night Elf;Female;0.46;Alt;Fakenews-WildGrowth,Lbx-WildGrowth,Mbx-WildGrowth,Pbx-WildGrowth(main),Ubx-WildGrowth;21 May '26;10 Jun '26;Altling: 10 Jun '26,Imp: 21 May '26;;Pbx is here [Eng]300/[Alc]279;Joined: 21 May '26 ;;Alliance
Fenchel;Imp;60;Druid;Night Elf;Female;150;Main;Brennessel-WildGrowth,Hagebutte-WildGrowth,Liebstöckel-WildGrowth;05 Feb '26;05 Feb '26;Imp: 05 Feb '26;;main [Alc]/[Herb]300;Joined: 05 Feb '26 ;;Alliance
Fleischnackn;Fel Reaver;60;Rogue;Night Elf;Male;1;Main;;14 Jan '26;16 Jan '26;Fel Reaver: 16 Jan '26,Imp: 14 Jan '26;;main [Eng]/[Alc]300;Joined: 14 Jan '26;;Alliance
Flextape;Imp;42;Paladin;Human;Female;0.08;;;28 Jul '26;28 Jul '26;Imp: 28 Jul '26;;;Joined: 28 Jul '26 ;;Alliance
Floegel;Imp;55;Mage;Human;Male;220;Main;;28 Nov '25;28 Nov '25;Imp: 28 Nov '25;;Friend of Bemily;Joined: 28 Nov '25;;Alliance
Flordran;Imp;8;Paladin;Dwarf;Male;25;;;04 Jun '26;04 Jun '26;Imp: 04 Jun '26;;;Joined: 04 Jun '26 ;;Alliance
Forttis;Altling;60;Paladin;Human;Male;131;Alt;Cwaniara-WildGrowth(main),Furianin-WildGrowth;26 Nov '25;26 Nov '25;Altling: 26 Nov '25,Imp: 26 Nov '25;;Cwaniara [Alc]/[Herb]300;Joined: 26 Nov '25;;Alliance
Frostyslam;Altling;60;Paladin;Human;Male;5;;;12 Mar '26;02 Apr '26;Altling: 02 Apr '26,Imp: 12 Mar '26;;Sky [Herb]300/[Alc]145;Joined: 12 Mar '26 ;;Alliance
Furianin;Altling;33;Mage;Gnome;Male;131;Alt;Cwaniara-WildGrowth(main),Forttis-WildGrowth;28 Feb '26;30 Feb '26;Altling: 30 Feb '26,Imp: 27 Feb '26;;Cwaniara [TL]150/[Ench]35;Joined: 28 Feb '26 ;;Alliance
Fîrenix;Arch Fiendling;60;Mage;Human;Female;0.46;;;14 Feb '26;25 May '26;Arch Fiendling: 25 May '26,Altling: 25 Apr '26,Imp: 14 Feb '26;;Leganix [Ench]/[TL]300;Joined: 14 Feb '26 ;;Alliance
Gadhar;Void Knight;60;Paladin;Dwarf;Male;57;Main;Alurya-WildGrowth,Garvad-WildGrowth,Singrim-WildGrowth,Valixia-WildGrowth;26 Jan '26;26 Jul '26;Void Knight: 26 Jul '26,Fel Reaver: 01 Mar '26,Imp: 26 Jan '26;;main [Mine]/[BS]300;Joined: 26 Jan '26 ;;Alliance
Galba;Fel Reaver;60;Druid;Night Elf;Male;0.13;Main;Galbahunt-WildGrowth,Galbalock-WildGrowth,Galbamage-WildGrowth,Galbapal-WildGrowth;29 Dec '25;16 Jan '26;Fel Reaver: 16 Jan '26,Imp: 29 Dec '25;;main [Ench]117/[Skin]300;Joined: 29 Dec '25;;Alliance
Galbahunt;Altling;60;Hunter;Night Elf;Male;0.83;Alt;Galba-WildGrowth(main),Galbalock-WildGrowth,Galbamage-WildGrowth,Galbapal-WildGrowth;18 Jan '26;18 Jan '26;Altling: 18 Jan '26,Imp: 18 Jan '26;;Galba;Joined: 18 Jan '26 ;;Alliance
Galbalock;Altling;60;Warlock;Gnome;Male;0.13;Alt;Galba-WildGrowth(main),Galbahunt-WildGrowth,Galbamage-WildGrowth,Galbapal-WildGrowth;04 Apr '26;04 Apr '26;Altling: 04 Apr '26,Imp: 04 Apr '26;;Galba [TL]300/[Ench]12;Joined: 04 Apr '26 ;;Alliance
Galbamage;Altling;60;Mage;Gnome;Male;0.13;Alt;Galba-WildGrowth(main),Galbahunt-WildGrowth,Galbalock-WildGrowth,Galbapal-WildGrowth;04 Apr '26;04 Apr '26;Altling: 04 Apr '26,Imp: 04 Apr '26;;Galba [Eng]300/[Ench]13;Joined: 04 Apr '26 ;;Alliance
Galbapal;Altling;60;Paladin;Human;Male;0.67;Alt;Galba-WildGrowth(main),Galbahunt-WildGrowth,Galbalock-WildGrowth,Galbamage-WildGrowth;08 Jun '26;10 Jun '26;Altling: 10 Jun '26,Imp: 08 Jun '26;;Galba;Joined: 08 Jun '26 ;;Alliance
Garild;Imp;52;Paladin;Human;Male;5;;;19 Jun '26;19 Jun '26;Imp: 19 Jun '26;;;Joined: 19 Jun '26 ;;Alliance
Garryglitter;Fel Reaver;60;Hunter;Night Elf;Male;4;Alt;Lilmilkman-WildGrowth(main);23 Nov '25;23 Nov '25;Fel Reaver: 23 Nov '25,Imp: 23 Nov '25;;Stevie Wonder [LW]183/[Skin]184;Joined: 23 Nov '25;;Alliance
Garvad;Altling;60;Hunter;Dwarf;Male;57;Alt;Alurya-WildGrowth,Gadhar-WildGrowth(main),Singrim-WildGrowth,Valixia-WildGrowth;17 Feb '26;17 Feb '26;Altling: 17 Feb '26,Imp: 17 Feb '26;;Gadhar [LW]/[Skin]300;Joined: 17 Feb '26 ;;Alliance
Gekiix;Imp;60;Hunter;Dwarf;Male;11;Main;;27 Nov '25;16 Jan '26;Imp: 16 Jan '26,Fel Reaver: 27 Nov '25,Imp: 27 Nov '25;;main [Mine]130/[Eng]217;Joined: 27 Nov '25;;Alliance
Georgeington;Altling;60;Warrior;Dwarf;Male;0.46;Alt;Destrella-WildGrowth(main),Voidgorge-WildGrowth,Waldalo-WildGrowth;25 May '26;02 Jun '26;Altling: 02 Jun '26,Imp: 25 May '26;;Destrella [Alc]300/[BS]182;Joined: 25 May '26 ;;Alliance
Girkasse;Imp;1;Druid;Night Elf;Male;6;;;05 Mar '26;05 Mar '26;Imp: 05 Mar '26;;;Joined: 05 Mar '26 ;;Alliance
Girklass;Altling;1;Druid;Night Elf;Male;5;;;05 Mar '26;25 Jul '26;Altling: 25 Jul '26,Imp: 05 Mar '26;;;Joined: 05 Mar '26 ;;Alliance
Gnorumbras;Altling;60;Mage;Gnome;Male;0.5;Alt;Arconteg-WildGrowth,Arkcorn-WildGrowth,Bearlins-WildGrowth,Bladecorn-WildGrowth,Dastyrlock-WildGrowth,Elkho-WildGrowth,Resticlothy-WildGrowth,Spycorn-WildGrowth(main),Tankone-WildGrowth;20 Nov '25;20 Nov '25;Altling: 20 Nov '25,Altling: 21 Nov '25,Altling: 20 Nov '25,Imp: 20 Nov '25;;Spycorn  Elixir master 300;Joined: 20 Nov '25;;Alliance
Goauld;Altling;60;Druid;Night Elf;Female;0.92;Alt;Clauddiejr-WildGrowth,Claudiea-WildGrowth,Claudini-WildGrowth(main),Clodette-WildGrowth,Clozy-WildGrowth,Exodini-WildGrowth,Gogordito-WildGrowth;23 Mar '26;23 Mar '26;Altling: 23 Mar '26,Imp: 31 Mar '26;;Clauddie;Joined: 23 Mar '26;;Alliance
Gogogr;Void Knight;60;Warlock;Gnome;Male;0.75;Main;Hanabí-WildGrowth,Rímuru-WildGrowth;23 Nov '25;05 Dec '25;Void Knight: 05 Dec '25,Fel Reaver: 24 Nov '25,Imp: 23 Nov '25;;main [Ench]/[TL]300;Joined: 23 Nov '25;;Alliance
Gogordito;Altling;5;Paladin;Dwarf;Male;0.92;Alt;Clauddiejr-WildGrowth,Claudiea-WildGrowth,Claudini-WildGrowth(main),Clodette-WildGrowth,Clozy-WildGrowth,Exodini-WildGrowth,Goauld-WildGrowth;14 Feb '26;01 Mar '26;Altling: 01 Mar '26,Imp: 14 Feb '26;;Claudini;Joined: 14 Feb '26 ;;Alliance
Goldendawnx;Fel Reaver;60;Paladin;Human;Female;2;Main;Goldenmage-WildGrowth,Vagabondx-WildGrowth;20 Nov '25;20 Nov '25;Fel Reaver: 20 Nov '25,Imp: 20 Nov '25;;main [Eng]/[Mine]300;Joined: 20 Nov '25;;Alliance
Goldenmage;Altling;60;Mage;Human;Male;25;Alt;Goldendawnx-WildGrowth(main),Vagabondx-WildGrowth;11 Dec '25;12 Dec '25;Altling: 12 Dec '25,Imp: 11 Dec '25;;Goldendawnx;Joined: 11 Dec '25;;Alliance
Grannyhelp;Altling;10;Warlock;Gnome;Female;5;;;05 Mar '26;25 Jul '26;Altling: 25 Jul '26,Imp: 05 Mar '26;;;Joined: 05 Mar '26 ;;Alliance
Greedygob;Imp;10;Warlock;Gnome;Male;54;;;05 Mar '26;05 Mar '26;Imp: 05 Mar '26;;;Joined: 05 Mar '26 ;;Alliance
Grimmnok;Altling;60;Paladin;Dwarf;Male;3;Alt;Angebode-WildGrowth,Auslag-WildGrowth,Bedem-WildGrowth,Beeowulf-WildGrowth,Brunhiilde-WildGrowth,Heahmòund-WildGrowth,Heahmùnd-WildGrowth,Impurrfect-WildGrowth,Laclau-WildGrowth(main),Shortcomings-WildGrowth,Shortcumming-WildGrowth;04 May '26;10 May '26;Altling: 10 May '26,Imp: 04 May '26;;Laclau [Mine]277;Joined: 04 May '26 ;;Alliance
Gruffee;Altling;60;Paladin;Human;Male;69;Alt;Dorant-WildGrowth(main),Pellinore-WildGrowth,Slugger-WildGrowth;29 Dec '25;08 Mar '26;Altling: 08 Mar '26,Imp: 29 Dec '25;;Dorant [Herb]/[Alc]300;Joined: 29 Dec '25;;Alliance
Guildbooster;Altling;25;Paladin;Human;Male;27;;;01 Jul '26;01 Jul '26;Altling: 01 Jul '26,Imp: 01 Jul '26;;Olìver and benji?;Joined: 01 Jul '26 ;;Alliance
Gulantik;Imp;60;Druid;Night Elf;Male;35;;;10 Jun '26;10 Jun '26;Imp: 10 Jun '26;; [Herb]163/[Alc]150;Joined: 10 Jun '26 ;;Alliance
Gummibärle;Altling;55;Druid;Night Elf;Female;65;Alt;Messender-WildGrowth(main);03 May '26;03 May '26;Altling: 03 May '26,Imp: 03 May '26;;Messender [Alc]201/[Herb]196;Joined: 03 May '26 ;;Alliance
Gurgemsma;Imp;55;Warrior;Human;Male;220;Main;;28 Nov '25;28 Nov '25;Imp: 28 Nov '25;;Friend of Bemily;Joined: 28 Nov '25;;Alliance
Gólftuska;Imp;28;Mage;Human;Female;24;;;19 May '26;19 May '26;Imp: 19 May '26;;;Joined: 19 May '26 ;;Alliance
Haageen;Imp;60;Paladin;Human;Male;47;;;13 Feb '26;13 Feb '26;Imp: 13 Feb '26;; [Mine]288/[BS]263;Joined: 13 Feb '26 ;;Alliance
Hagebutte;Altling;48;Paladin;Human;Female;150;Alt;Brennessel-WildGrowth,Fenchel-WildGrowth(main),Liebstöckel-WildGrowth;14 Feb '26;14 Feb '26;Altling: 14 Feb '26,Imp: 14 Feb '26;;Fenchel [Mine]183/[BS]195;Joined: 14 Feb '26 ;;Alliance
Halløw;Imp;60;Priest;Human;Female;31;;;30 Jun '26;30 Jun '26;Imp: 30 Jun '26;;main [Herb]300/[TL]285;Joined: 30 Jun '26;;Alliance
Halory;Altling;60;Paladin;Human;Female;0.75;Alt;Arysora-WildGrowth,Bamryso-WildGrowth,Dalyzia-WildGrowth,Mipy-WildGrowth(main),Zalysa-WildGrowth;14 Dec '25;11 Jun '26;Altling: 11 Jun '26,Fel Reaver: 15 Dec '25,Imp: 14 Dec '25;;Mipy                           ;Joined: 14 Dec '25;;Alliance
Hanabí;Altling;60;Priest;Dwarf;Female;0.75;Alt;Gogogr-WildGrowth(main),Rímuru-WildGrowth;20 Nov '25;21 Nov '25;Altling: 21 Nov '25,Imp: 21 Nov '25,Imp: 21 Nov '25,Imp: 20 Nov '25;;Gogogr / Heal Priest [Alch] 300;Joined: 20 Nov '25;;Alliance
Hasslehoff;Fel Reaver;60;Paladin;Human;Male;240;Main;;04 Dec '25;10 May '26;Fel Reaver: 10 May '26,Void Knight: 04 Dec '25,Imp: 04 Dec '25;;main [Mine]/[BS]300;Joined: 04 Dec '25;;Alliance
Hastalavista;Arch Fiendling;60;Paladin;Human;Female;0.46;Alt;Apollousa-WildGrowth(main),Bellerophon-WildGrowth,Cahir-WildGrowth,Illmindofapo-WildGrowth,Incorporeal-WildGrowth,Monotone-WildGrowth,Papagandhi-WildGrowth,Ratatat-WildGrowth;29 Nov '25;30 Nov '25;Arch Fiendling: 30 Nov '25,Imp: 29 Nov '25;;pAppaTwist [Alc]/[Eng]300;Joined: 29 Nov '25;;Alliance
Hazelhunter;Imp;15;Hunter;Night Elf;Female;125;;;26 Dec '25;26 Dec '25;Imp: 26 Dec '25;;Healrond's kid 1;Joined: 26 Dec '25;;Alliance
Heahmòund;Altling;60;Paladin;Human;Male;3;Alt;Angebode-WildGrowth,Auslag-WildGrowth,Bedem-WildGrowth,Beeowulf-WildGrowth,Brunhiilde-WildGrowth,Grimmnok-WildGrowth,Heahmùnd-WildGrowth,Impurrfect-WildGrowth,Laclau-WildGrowth(main),Shortcomings-WildGrowth,Shortcumming-WildGrowth;17 Dec '25;20 Dec '25;Altling: 20 Dec '25,Imp: 17 Dec '25;;Laclau [Mine]/[Skin]300;Joined: 17 Dec '25;;Alliance
Heahmùnd;Altling;60;Paladin;Human;Male;6;Alt;Angebode-WildGrowth,Auslag-WildGrowth,Bedem-WildGrowth,Beeowulf-WildGrowth,Brunhiilde-WildGrowth,Grimmnok-WildGrowth,Heahmòund-WildGrowth,Impurrfect-WildGrowth,Laclau-WildGrowth(main),Shortcomings-WildGrowth,Shortcumming-WildGrowth;04 Dec '25;24 Dec '25;Altling: 24 Dec '25,Imp: 04 Dec '25;;Laclau [Herb]/[Mine]300;Joined: 04 Dec '25;;Alliance
Healingrage;Imp;60;Priest;Human;Male;26;Main;Xslicer-WildGrowth;01 Jul '26;01 Jul '26;Imp: 01 Jul '26;;main, tailor (1095);Joined: 01 Jul '26 ;;Alliance
Healrond;Arch Fiend;60;Priest;Night Elf;Male;0.04;Main;Boomrond-WildGrowth,Boromoney-WildGrowth,Carnagebonk-WildGrowth,Divinrond-WildGrowth,Eviscerond-WildGrowth,Faraheal-WildGrowth,Irvdruid-WildGrowth,Irvh-WildGrowth,Irvmend-WildGrowth,Irvpal-WildGrowth,Mayhempots-WildGrowth,Meanrond-WildGrowth,Sarumancer-WildGrowth,Steelrond-WildGrowth,Wyverond-WildGrowth;20 Nov '25;20 Nov '25;Arch Fiend: 20 Nov '25,Arch Fiendling: 21 Nov '25,Void Knight: 21 Nov '25,Imp: 20 Nov '25;;Sir Heal of the Rond Table;Joined: 20 Nov '25 ;;Alliance
Healumbras;Imp;22;Mage;Gnome;Male;0.42;;;29 Jul '26;29 Jul '26;Imp: 29 Jul '26;;spycorn healer mage;Joined: 29 Jul '26 ;;Alliance
Heidreks;Imp;60;Paladin;Human;Female;2;;;14 Jun '26;14 Jun '26;Imp: 14 Jun '26;; [TL]181/[Ench]136;Joined: 14 Jun '26 ;;Alliance
Helnah;Fel Reaver;60;Warlock;Gnome;Female;31;Main;Kaesa-WildGrowth;29 Apr '26;02 Jun '26;Fel Reaver: 02 Jun '26,Imp: 28 Apr '26;;main [Alc]/[Herb]300;Joined: 29 Apr '26;;Alliance
Herexi;Altling;60;Warlock;Gnome;Female;0.54;Main;Karcina-WildGrowth;22 Jun '26;22 Jun '26;Altling: 22 Jun '26,Imp: 22 Jun '26;;hi im jon [Ench]/[Skin]300;Joined: 22 Jun '26 ;;Alliance
Hideseek;Altling;44;Rogue;Gnome;Female;47;;;01 May '26;03 May '26;Altling: 03 May '26,Imp: 01 May '26;;Omize alt;Joined: 01 May '26 ;;Alliance
Hikí;Altling;60;Mage;Human;Female;0.67;Alt;Hikífune-WildGrowth,Híkí-WildGrowth(main),Ysmirr-WildGrowth;11 Jul '26;11 Jul '26;Altling: 11 Jul '26,Imp: 11 Jul '26;; [Alc]/[Herb]300;Joined: 11 Jul '26 ;;Alliance
Hikífune;Altling;25;Hunter;Night Elf;Female;3;Alt;Hikí-WildGrowth,Híkí-WildGrowth(main),Ysmirr-WildGrowth;04 Jul '26;04 Jul '26;Altling: 04 Jul '26,Imp: 04 Jul '26;;Hiki [LW]125/[Eng]151;Joined: 04 Jul '26 ;;Alliance
Hofferlight;Imp;60;Paladin;Human;Male;5;Main;;26 Mar '26;26 Mar '26;Imp: 26 Mar '26;; [Mine]/[Skin]300;Joined: 26 Mar '26;;Alliance
Hollymolle;Altling;60;Paladin;Human;Female;22;Alt;Belove-WildGrowth(main),Lanadelprey-WildGrowth,Lubowa-WildGrowth,Merylsheep-WildGrowth,Tentacleport-WildGrowth,Unlockyou-WildGrowth;02 Feb '26;02 Feb '26;Altling: 02 Feb '26,Imp: 02 Feb '26;;Beloved;Joined: 02 Feb '26 ;;Alliance
Holykjet;Void Knight;60;Priest;Human;Female;149;Main;;15 Feb '26;01 Mar '26;Void Knight: 01 Mar '26,Imp: 15 Feb '26;;main 1301 [Ench]/[TL]300;Joined: 15 Feb '26 ;;Alliance
Holymolycat;Altling;60;Druid;Night Elf;Female;0.88;Alt;Wretch-WildGrowth(main);21 Nov '25;21 Nov '25;Altling: 21 Nov '25;;Needle [Eng]300/[Mine]263;Joined: 21 Nov '25;;Alliance
Holyraqe;Imp;60;Paladin;Human;Female;0.67;;;15 May '26;15 May '26;Imp: 15 May '26;; [Eng]150/[Mine]300;Joined: 15 May '26 ;;Alliance
Holyrayne;Imp;60;Paladin;Human;Female;20;;;23 Apr '26;23 Apr '26;Imp: 23 Apr '26;; [Mine]27/[BS]16;Joined: 23 Apr '26 ;;Alliance
Hophedis;Imp;60;Warlock;Human;Female;132;;;16 Mar '26;16 Mar '26;Imp: 16 Mar '26;; [Skin]/[Herb]300;Joined: 16 Mar '26 ;;Alliance
Horscht;Imp;60;Warrior;Human;Male;39;;;19 Jun '26;19 Jun '26;Imp: 19 Jun '26;;;Joined: 19 Jun '26 ;;Alliance
Huntiri;Imp;60;Hunter;Night Elf;Female;100;Main;;06 Apr '26;06 Apr '26;Imp: 06 Apr '26;;main;Joined: 06 Apr '26 ;;Alliance
Huntter;Altling;60;Hunter;Night Elf;Female;0.04;Alt;Ccw-WildGrowth,Kffc-WildGrowth,Orrp-WildGrowth(main),Priestkw-WildGrowth,Srt-WildGrowth,Trrt-WildGrowth;22 Jun '26;22 Jun '26;Altling: 22 Jun '26,Imp: 22 Jun '26;;Orrp [Mine]/[Eng]300;Joined: 22 Jun '26 ;;Alliance
Hunxm;Altling;60;Hunter;Dwarf;Female;0.67;Alt;Druxm-WildGrowth,Paxm-WildGrowth,Pxm-WildGrowth,Rxm-WildGrowth(main),Unycorn-WildGrowth,Waxm-WildGrowth;13 May '26;02 Jun '26;Altling: 02 Jun '26,Imp: 13 May '26;;Rxm [Ench]48/[Skin]221;Joined: 13 May '26 ;;Alliance
Hunzi;Altling;60;Hunter;Night Elf;Female;0.54;Alt;Alynel-WildGrowth(main),Avelira-WildGrowth,Talany-WildGrowth,Zimgar-WildGrowth;23 Mar '26;25 Mar '26;Altling: 25 Mar '26,Imp: 23 Mar '26;;Alynel Zi [Herb]/[Skin]300;Joined: 23 Mar '26 ;;Alliance
Huresz;Imp;51;Hunter;Dwarf;Female;103;;;19 Apr '26;19 Apr '26;Imp: 19 Apr '26;; [Skin]300/[LW]265;Joined: 19 Apr '26 ;;Alliance
Husca;Imp;60;Paladin;Human;Female;0.71;;;21 May '26;21 May '26;Imp: 21 May '26;; [BS]286/[Mine]300;Joined: 21 May '26 ;;Alliance
Híki;Altling;60;Hunter;Night Elf;Female;3;;;21 Jul '26;26 Jul '26;Altling: 26 Jul '26,Imp: 21 Jul '26;;Hiki [Eng]251/[LW]250;Joined: 21 Jul '26 ;;Alliance
Híkí;Fel Reaver;60;Warlock;Human;Female;0.79;Main;Hikí-WildGrowth,Hikífune-WildGrowth,Ysmirr-WildGrowth;21 Jun '26;13 Jul '26;Fel Reaver: 13 Jul '26,Imp: 21 Jun '26;; [Ench]/[TL]300;Joined: 21 Jun '26;;Alliance
Ibuki;Imp;60;Hunter;Night Elf;Female;2;;;28 Jul '26;28 Jul '26;Imp: 28 Jul '26;; [LW]259/[Eng]300;Joined: 28 Jul '26 ;;Alliance
Iiliria;Fel Reaver;60;Warrior;Human;Female;170;Main;Iiliriia-WildGrowth,Iliiria-WildGrowth,Iliiriia-WildGrowth,Iliri-WildGrowth,Iliriaa-WildGrowth,Ilirii-WildGrowth,Iliriia-WildGrowth,Illiirii-WildGrowth,Illiri-WildGrowth,Illiriia-WildGrowth;03 Dec '25;12 Dec '25;Fel Reaver: 12 Dec '25,Imp: 12 Dec '25,Altling: 03 Dec '25,Imp: 03 Dec '25;;main Brother Shapie;Joined: 03 Dec '25;;Alliance
Iiliriia;Altling;60;Mage;Human;Female;170;Alt;Iiliria-WildGrowth(main),Iliiria-WildGrowth,Iliiriia-WildGrowth,Iliri-WildGrowth,Iliriaa-WildGrowth,Ilirii-WildGrowth,Iliriia-WildGrowth,Illiirii-WildGrowth,Illiri-WildGrowth,Illiriia-WildGrowth;27 Nov '25;12 Dec '25;Altling: 12 Dec '25,Imp: 27 Nov '25;;Shapie's Master;Joined: 27 Nov '25;;Alliance
Iliiria;Altling;60;Druid;Night Elf;Female;170;Alt;Iiliria-WildGrowth(main),Iiliriia-WildGrowth,Iliiriia-WildGrowth,Iliri-WildGrowth,Iliriaa-WildGrowth,Ilirii-WildGrowth,Iliriia-WildGrowth,Illiirii-WildGrowth,Illiri-WildGrowth,Illiriia-WildGrowth;10 Jan '26;10 Jan '26;Altling: 10 Jan '26,Imp: 10 Jan '26;; [Alc]/[LW]300;Joined: 10 Jan '26;;Alliance
Iliiriia;Altling;60;Hunter;Night Elf;Female;170;Alt;Iiliria-WildGrowth(main),Iiliriia-WildGrowth,Iliiria-WildGrowth,Iliri-WildGrowth,Iliriaa-WildGrowth,Ilirii-WildGrowth,Iliriia-WildGrowth,Illiirii-WildGrowth,Illiri-WildGrowth,Illiriia-WildGrowth;27 Nov '25;12 Dec '25;Altling: 12 Dec '25,Imp: 27 Nov '25;;Bro Shapie [Ench]60/[Skin]300;Joined: 27 Nov '25;;Alliance
Iliri;Altling;47;Warrior;Gnome;Female;79;Alt;Iiliria-WildGrowth(main),Iiliriia-WildGrowth,Iliiria-WildGrowth,Iliiriia-WildGrowth,Iliriaa-WildGrowth,Ilirii-WildGrowth,Iliriia-WildGrowth,Illiirii-WildGrowth,Illiri-WildGrowth,Illiriia-WildGrowth;17 Jan '26;01 Feb '26;Altling: 01 Feb '26,Imp: 17 Jan '26;;Iliria;Joined: 17 Jan '26 ;;Alliance
Iliriaa;Altling;56;Druid;Night Elf;Female;176;Alt;Iiliria-WildGrowth(main),Iiliriia-WildGrowth,Iliiria-WildGrowth,Iliiriia-WildGrowth,Iliri-WildGrowth,Ilirii-WildGrowth,Iliriia-WildGrowth,Illiirii-WildGrowth,Illiri-WildGrowth,Illiriia-WildGrowth;16 Jan '26;16 Jan '26;Altling: 16 Jan '26,Imp: 16 Jan '26;;Iliria;Joined: 16 Jan '26;;Alliance
Ilirii;Altling;44;Paladin;Human;Female;79;Alt;Iiliria-WildGrowth(main),Iiliriia-WildGrowth,Iliiria-WildGrowth,Iliiriia-WildGrowth,Iliri-WildGrowth,Iliriaa-WildGrowth,Iliriia-WildGrowth,Illiirii-WildGrowth,Illiri-WildGrowth,Illiriia-WildGrowth;29 Jan '26;01 Feb '26;Altling: 01 Feb '26,Imp: 29 Jan '26;;Iliria;Joined: 29 Jan '26 ;;Alliance
Iliriia;Altling;60;Paladin;Human;Female;170;Alt;Iiliria-WildGrowth(main),Iiliriia-WildGrowth,Iliiria-WildGrowth,Iliiriia-WildGrowth,Iliri-WildGrowth,Iliriaa-WildGrowth,Ilirii-WildGrowth,Illiirii-WildGrowth,Illiri-WildGrowth,Illiriia-WildGrowth;06 Dec '25;12 Dec '25;Altling: 12 Dec '25,Imp: 06 Dec '25;;Iliria;Joined: 06 Dec '25;;Alliance
Illiirii;Altling;44;Rogue;Night Elf;Female;79;Alt;Iiliria-WildGrowth(main),Iiliriia-WildGrowth,Iliiria-WildGrowth,Iliiriia-WildGrowth,Iliri-WildGrowth,Iliriaa-WildGrowth,Ilirii-WildGrowth,Iliriia-WildGrowth,Illiri-WildGrowth,Illiriia-WildGrowth;29 Jan '26;01 Feb '26;Altling: 01 Feb '26,Imp: 29 Jan '26;;Iliria;Joined: 29 Jan '26 ;;Alliance
Illiri;Altling;60;Warlock;Human;Female;170;Alt;Iiliria-WildGrowth(main),Iiliriia-WildGrowth,Iliiria-WildGrowth,Iliiriia-WildGrowth,Iliri-WildGrowth,Iliriaa-WildGrowth,Ilirii-WildGrowth,Iliriia-WildGrowth,Illiirii-WildGrowth,Illiriia-WildGrowth;18 Dec '25;19 Dec '25;Altling: 19 Dec '25,Imp: 18 Dec '25;;Iliria;Joined: 18 Dec '25;;Alliance
Illiriia;Altling;60;Rogue;Human;Female;169;Alt;Iiliria-WildGrowth(main),Iiliriia-WildGrowth,Iliiria-WildGrowth,Iliiriia-WildGrowth,Iliri-WildGrowth,Iliriaa-WildGrowth,Ilirii-WildGrowth,Iliriia-WildGrowth,Illiirii-WildGrowth,Illiri-WildGrowth;14 Dec '25;15 Dec '25;Altling: 15 Dec '25,Imp: 14 Dec '25;; [Herb]300/[Ench]48;Joined: 14 Dec '25;;Alliance
Illitain;Fel Reaver;60;Paladin;Human;Male;11;Main;;17 Feb '26;01 Mar '26;Fel Reaver: 01 Mar '26,Imp: 17 Feb '26;;Main [Eng]150/[Ench]60;Joined: 17 Feb '26 ;;Alliance
Illmindofapo;Arch Fiendling;10;Paladin;Human;Male;14;Alt;Apollousa-WildGrowth(main),Bellerophon-WildGrowth,Cahir-WildGrowth,Hastalavista-WildGrowth,Incorporeal-WildGrowth,Monotone-WildGrowth,Papagandhi-WildGrowth,Ratatat-WildGrowth;16 Jul '26;16 Jul '26;Arch Fiendling: 16 Jul '26,Imp: 16 Jul '26;;;Joined: 16 Jul '26 ;;Alliance
Implove;Imp;4;Warlock;Human;Female;103;;;19 Apr '26;19 Apr '26;Imp: 19 Apr '26;;;Joined: 19 Apr '26 ;;Alliance
Impurrfect;Altling;50;Druid;Night Elf;Female;3;Alt;Angebode-WildGrowth,Auslag-WildGrowth,Bedem-WildGrowth,Beeowulf-WildGrowth,Brunhiilde-WildGrowth,Grimmnok-WildGrowth,Heahmòund-WildGrowth,Heahmùnd-WildGrowth,Laclau-WildGrowth(main),Shortcomings-WildGrowth,Shortcumming-WildGrowth;12 Jun '26;13 Jul '26;Altling: 13 Jul '26,Imp: 12 Jun '26;;Laclau Feral[Mine]134/[Herb]216;Joined: 12 Jun '26 ;;Alliance
Incorporeal;Arch Fiendling;60;Mage;Gnome;Female;0.46;Alt;Apollousa-WildGrowth(main),Bellerophon-WildGrowth,Cahir-WildGrowth,Hastalavista-WildGrowth,Illmindofapo-WildGrowth,Monotone-WildGrowth,Papagandhi-WildGrowth,Ratatat-WildGrowth;27 Nov '25;27 Nov '25;Arch Fiendling: 27 Nov '25,Imp: 27 Nov '25;;Appa Healz [Eng]/[TL]300;Joined: 27 Nov '25;;Alliance
Indigen;Altling;60;Warlock;Gnome;Female;48;Alt;Dodia-WildGrowth,Pantherhands-WildGrowth,Undia-WildGrowth(main);07 Apr '26;07 Apr '26;Altling: 07 Apr '26,Imp: 07 Apr '26;;Undia;Joined: 07 Apr '26 ;;Alliance
Ineffa;Arch Fiendling;60;Mage;Gnome;Female;0.04;Alt;Akariana-WildGrowth,Aneliana-WildGrowth,Askariana-WildGrowth,Astelia-WildGrowth,Nelle-WildGrowth,Thelisia-WildGrowth,Vinelia-WildGrowth,Wiella-WildGrowth(main);02 Jan '26;05 Mar '26;Arch Fiendling: 05 Mar '26,Altling: 09 Jan '26,Imp: 01 Jan '26;;Wiella [Herb]/[Ench]300;Joined: 02 Jan '26;;Alliance
Irvdruid;Arch Fiendling;60;Druid;Night Elf;Male;2;Alt;Boomrond-WildGrowth,Boromoney-WildGrowth,Carnagebonk-WildGrowth,Divinrond-WildGrowth,Eviscerond-WildGrowth,Faraheal-WildGrowth,Healrond-WildGrowth(main),Irvh-WildGrowth,Irvmend-WildGrowth,Irvpal-WildGrowth,Mayhempots-WildGrowth,Meanrond-WildGrowth,Sarumancer-WildGrowth,Steelrond-WildGrowth,Wyverond-WildGrowth;24 Nov '25;26 Nov '25;Arch Fiendling: 26 Nov '25,Imp: 24 Nov '25;;Rondonoir [Alc]/[Herb]300;Joined: 24 Nov '25;;Alliance
Irvh;Arch Fiendling;60;Hunter;Night Elf;Male;0.17;Alt;Boomrond-WildGrowth,Boromoney-WildGrowth,Carnagebonk-WildGrowth,Divinrond-WildGrowth,Eviscerond-WildGrowth,Faraheal-WildGrowth,Healrond-WildGrowth(main),Irvdruid-WildGrowth,Irvmend-WildGrowth,Irvpal-WildGrowth,Mayhempots-WildGrowth,Meanrond-WildGrowth,Sarumancer-WildGrowth,Steelrond-WildGrowth,Wyverond-WildGrowth;20 Nov '25;22 Nov '25;Arch Fiendling: 22 Nov '25,Altling: 20 Nov '25,Altling: 21 Nov '25,Altling: 20 Nov '25,Imp: 20 Nov '25;;Light of the Rond Table;Joined: 20 Nov '25;;Alliance
Irvmend;Arch Fiendling;60;Mage;Human;Female;8;Alt;Boomrond-WildGrowth,Boromoney-WildGrowth,Carnagebonk-WildGrowth,Divinrond-WildGrowth,Eviscerond-WildGrowth,Faraheal-WildGrowth,Healrond-WildGrowth(main),Irvdruid-WildGrowth,Irvh-WildGrowth,Irvpal-WildGrowth,Mayhempots-WildGrowth,Meanrond-WildGrowth,Sarumancer-WildGrowth,Steelrond-WildGrowth,Wyverond-WildGrowth;27 Jan '26;01 Feb '26;Arch Fiendling: 01 Feb '26,Imp: 27 Jan '26;;Merlondo;Joined: 27 Jan '26 ;;Alliance
Irvpal;Arch Fiendling;60;Paladin;Human;Male;0.08;Alt;Boomrond-WildGrowth,Boromoney-WildGrowth,Carnagebonk-WildGrowth,Divinrond-WildGrowth,Eviscerond-WildGrowth,Faraheal-WildGrowth,Healrond-WildGrowth(main),Irvdruid-WildGrowth,Irvh-WildGrowth,Irvmend-WildGrowth,Mayhempots-WildGrowth,Meanrond-WildGrowth,Sarumancer-WildGrowth,Steelrond-WildGrowth,Wyverond-WildGrowth;20 Nov '25;20 Nov '25;Arch Fiendling: 20 Nov '25,Initiate: 20 Nov '25;;Royal Rondo [Eng]203/[Skin]283;Joined: 20 Nov '25;;Alliance
Itscluu;Altling;60;Rogue;Night Elf;Female;41;Alt;Cluu-WildGrowth,Notcluu-WildGrowth(main);30 May '26;30 May '26;Altling: 30 May '26,Imp: 30 May '26;; [Ench]/[Mine]1;Joined: 30 May '26 ;;Alliance
Itsm;Imp;60;Mage;Human;Male;23;;;02 Jun '26;02 Jun '26;Imp: 02 Jun '26;;main;Joined: 02 Jun '26 ;;Alliance
Jadisi;Imp;60;Priest;Night Elf;Female;6;Main;;04 Jan '26;04 Jan '26;Imp: 04 Jan '26;;main [TL]286/[Skin]300;Joined: 04 Jan '26;;Alliance
Jaggedjack;Fel Reaver;60;Rogue;Night Elf;Male;4;Main;;11 Dec '25;11 Dec '25;Fel Reaver: 11 Dec '25,Imp: 11 Dec '25;;main [Mine]/[Herb]300;Joined: 11 Dec '25;;Alliance
Janet;Imp;60;Paladin;Human;Female;2;;;28 Jul '26;28 Jul '26;Imp: 28 Jul '26;; [Mine]/[BS]300;Joined: 28 Jul '26 ;;Alliance
Jibbjab;Imp;34;Rogue;Human;Female;107;;;14 Apr '26;14 Apr '26;Imp: 14 Apr '26;; [LW]8/[Skin]29;Joined: 14 Apr '26 ;;Alliance
Jiino;Altling;60;Priest;Dwarf;Male;2;Alt;Jiinop-WildGrowth,Jiinoshock-WildGrowth,Jiinotwo-WildGrowth,Jiinou-WildGrowth(main);05 Apr '26;03 May '26;Altling: 03 May '26,Imp: 05 Apr '26;;Jiinou [Alc]77/[Herb]53;Joined: 05 Apr '26 ;;Alliance
Jiinop;Altling;25;Paladin;Human;Female;25;Alt;Jiino-WildGrowth,Jiinoshock-WildGrowth,Jiinotwo-WildGrowth,Jiinou-WildGrowth(main);21 Jun '26;04 Jul '26;Altling: 04 Jul '26,Imp: 21 Jun '26;;Jiinou @ 25 [Alc]144/[LW]137;Joined: 21 Jun '26 ;;Alliance
Jiinoshock;Altling;60;Paladin;Human;Female;29;Alt;Jiino-WildGrowth,Jiinop-WildGrowth,Jiinotwo-WildGrowth,Jiinou-WildGrowth(main);28 Jun '26;28 Jun '26;Altling: 28 Jun '26,Imp: 28 Jun '26;;Jin;Joined: 28 Jun '26 ;;Alliance
Jiinotwo;Imp;17;Paladin;Dwarf;Female;3;Alt;Jiino-WildGrowth,Jiinop-WildGrowth,Jiinoshock-WildGrowth,Jiinou-WildGrowth(main);10 Jun '26;10 Jun '26;Imp: 10 Jun '26;;Jiinou [Mine]12/[BS]4;Joined: 10 Jun '26 ;;Alliance
Jiinou;Void Knight;60;Paladin;Human;Male;0.75;Main;Jiino-WildGrowth,Jiinop-WildGrowth,Jiinoshock-WildGrowth,Jiinotwo-WildGrowth;02 Apr '26;04 Jul '26;Void Knight: 04 Jul '26,Fel Reaver: 27 Apr '26,Imp: 02 Apr '26;;finlands finest [Ench]/[Eng]300;Joined: 02 Apr '26 ;;Alliance
Jimmeyy;Altling;60;Warlock;Human;Female;12;Alt;Casperlee-WildGrowth,Daney-WildGrowth,Joeeyy-WildGrowth,Johney-WildGrowth(main),Móuse-WildGrowth,Roney-WildGrowth,Yaney-WildGrowth;09 Dec '25;15 Dec '25;Altling: 15 Dec '25,Imp: 09 Dec '25,Left Guild: 08 Dec '25,Altling: 24 Nov '25;;1305gs [TL]/[Herb]300;Joined: 09 Dec '25;;Alliance
Jobiwan;Imp;60;Paladin;Human;Male;111;;;04 Apr '26;04 Apr '26;Imp: 04 Apr '26;;Main [Mine]154/[BS]150;Joined: 04 Apr '26 ;;Alliance
Joeeyy;Altling;60;Paladin;Human;Male;2;Alt;Casperlee-WildGrowth,Daney-WildGrowth,Jimmeyy-WildGrowth,Johney-WildGrowth(main),Móuse-WildGrowth,Roney-WildGrowth,Yaney-WildGrowth;20 Mar '26;06 Apr '26;Altling: 06 Apr '26,Imp: 20 Mar '26;;Johney [Herb]113/[Alc]300;Joined: 20 Mar '26 ;;Alliance
Joeyzs;Imp;60;Priest;Dwarf;Male;2;;;29 Dec '25;29 Dec '25;Imp: 29 Dec '25;;new main [TL]84/[Ench]21;Joined: 29 Dec '25;;Alliance
Johney;Fel Reaver;60;Paladin;Human;Male;8;Main;Casperlee-WildGrowth,Daney-WildGrowth,Jimmeyy-WildGrowth,Joeeyy-WildGrowth,Móuse-WildGrowth,Roney-WildGrowth,Yaney-WildGrowth;02 Jan '26;15 Mar '26;Fel Reaver: 15 Mar '26,Altling: 06 Jan '26,Imp: 02 Jan '26;;main [Ench]/[BS]300 1411;Joined: 02 Jan '26;;Alliance
Justinbbgun;Altling;60;Hunter;Dwarf;Male;0.75;;;20 Jul '26;25 Jul '26;Altling: 25 Jul '26,Imp: 20 Jul '26;;Jon [Ench]/[Alc]300;Joined: 20 Jul '26 ;;Alliance
Kadpri;Altling;10;Priest;Night Elf;Female;252;Alt;Blooddogg-WildGrowth,Kaduk-WildGrowth,Kadwar-WildGrowth(main);22 Nov '25;22 Nov '25;Altling: 22 Nov '25;;Kadwar;Joined: 22 Nov '25;;Alliance
Kaduk;Fel Reaver;60;Paladin;Human;Male;252;Alt;Blooddogg-WildGrowth,Kadpri-WildGrowth,Kadwar-WildGrowth(main);22 Nov '25;24 Nov '25;Fel Reaver: 24 Nov '25;;main [Alc]/[Herb]300;Joined: 22 Nov '25;;Alliance
Kadwar;Fel Reaver;60;Warrior;Human;Male;252;Main;Blooddogg-WildGrowth,Kadpri-WildGrowth,Kaduk-WildGrowth;22 Nov '25;10 May '26;Fel Reaver: 10 May '26,Void Knight: 24 Nov '25;;main [Mine]/[BS]300;Joined: 22 Nov '25;;Alliance
Kaesa;Altling;54;Mage;Gnome;Female;31;Alt;Helnah-WildGrowth(main);01 May '26;03 May '26;Altling: 03 May '26,Imp: 01 May '26;;Helnah Alt [TL]300/[Ench]252;Joined: 01 May '26 ;;Alliance
Kakos;Imp;52;Paladin;Human;Male;31;;;30 Jun '26;30 Jun '26;Imp: 30 Jun '26;; [BS]1/[Mine]101;Joined: 30 Jun '26;;Alliance
Karcina;Fel Reaver;60;Druid;Night Elf;Female;0.79;Alt;Herexi-WildGrowth(main);10 Jun '26;18 Jun '26;Fel Reaver: 18 Jun '26,Imp: 10 Jun '26;;Jon [LW]/[Herb]300;Joined: 10 Jun '26 ;;Alliance
Karmasmom;Imp;60;Warrior;Human;Male;0.42;Main;;02 Jul '26;02 Jul '26;Imp: 02 Jul '26;; [Ench]60/[Mine]72;Joined: 02 Jul '26 ;;Alliance
Kashmankrr;Imp;60;Warlock;Human;Male;64;;;07 Apr '26;07 Apr '26;Imp: 07 Apr '26;;main;Joined: 07 Apr '26 ;;Alliance
Katakura;Fel Reaver;60;Druid;Night Elf;Female;0.04;Main;Daifuka-WildGrowth,Perospera-WildGrowth;18 May '26;13 Jul '26;Fel Reaver: 13 Jul '26,Imp: 18 May '26;;Main/Owl [Mine]/[Skin]300;Joined: 18 May '26 ;;Alliance
Kellv;Imp;60;Mage;Human;Female;36;Main;Kellvo-WildGrowth;01 May '26;01 May '26;Imp: 01 May '26;;Friend Belove [TL]/[Ench]300;Joined: 01 May '26 ;;Alliance
Kellvo;Altling;44;Hunter;Night Elf;Female;36;Alt;Kellv-WildGrowth(main);04 May '26;04 May '26;Altling: 04 May '26,Imp: 04 May '26;;Kellv [LW]92/[Skin]215;Joined: 04 May '26 ;;Alliance
Kffc;Altling;60;Mage;Gnome;Male;0.54;Alt;Ccw-WildGrowth,Huntter-WildGrowth,Orrp-WildGrowth(main),Priestkw-WildGrowth,Srt-WildGrowth,Trrt-WildGrowth;13 May '26;13 May '26;Altling: 13 May '26,Imp: 13 May '26;;Orrp KFC [Ench] 300;Joined: 13 May '26 ;;Alliance
Kickany;Altling;25;Mage;Human;Female;3;Alt;Cickány-WildGrowth(main);05 Jul '26;05 Jul '26;Altling: 05 Jul '26,Imp: 05 Jul '26;;Cickany alt;Joined: 05 Jul '26 ;;Alliance
Kilio;Imp;60;Druid;Night Elf;Female;54;;;22 May '26;22 May '26;Imp: 22 May '26;; [Skin]227/[Herb]170;Joined: 22 May '26 ;;Alliance
Killcurry;Fel Reaver;60;Druid;Night Elf;Male;28;Main;Killpaprika-WildGrowth;23 Nov '25;23 Nov '25;Fel Reaver: 23 Nov '25,Imp: 23 Nov '25;;balance boomer enchanter max;Joined: 23 Nov '25;;Alliance
Killpaprika;Altling;28;Hunter;Night Elf;Male;29;Alt;Killcurry-WildGrowth(main);23 Jun '26;30 Jun '26;Altling: 30 Jun '26,Imp: 23 Jun '26;;Killcurry;Joined: 23 Jun '26 ;;Alliance
Killshade;Imp;60;Rogue;Human;Female;2;;;28 Jul '26;28 Jul '26;Imp: 28 Jul '26;; [Skin]/[LW]300;Joined: 28 Jul '26 ;;Alliance
Kimböslice;Imp;60;Mage;Gnome;Male;2;Main;;20 Jul '26;20 Jul '26;Imp: 20 Jul '26;; [Alc]/[Herb]300;Joined: 17 Jul '26 ;;Alliance
Kirinyo;Altling;60;Hunter;Dwarf;Male;43;Alt;Kiripew-WildGrowth(main);26 Mar '26;09 Apr '26;Altling: 09 Apr '26,Imp: 26 Mar '26;;Kiri [Herb]/[Mine]300;Joined: 26 Mar '26 ;;Alliance
Kiripew;Void Knight;60;Mage;Gnome;Female;38;Main;Kirinyo-WildGrowth;26 Nov '25;11 Jan '26;Void Knight: 11 Jan '26,Fel Reaver: 26 Nov '25,Imp: 26 Nov '25;;main [Eng]/[TL]300;Joined: 26 Nov '25;;Alliance
Kleinfleisch;Altling;53;Mage;Gnome;Male;12;Alt;Demonfleisch-WildGrowth,Eulenvlees-WildGrowth,Knackfleisch-WildGrowth(main);20 Dec '25;20 Dec '25;Altling: 20 Dec '25,Imp: 20 Dec '25;;Fleischnacken[Herb]197/[Ench]60;Joined: 20 Dec '25;;Alliance
Knackfleisch;Altling;60;Paladin;Dwarf;Male;12;Main;Demonfleisch-WildGrowth,Eulenvlees-WildGrowth,Kleinfleisch-WildGrowth;28 Nov '25;16 Jan '26;Altling: 16 Jan '26,Fel Reaver: 28 Nov '25,Imp: 30 Nov '25;;Fleischnackn [Skin]/[Eng]300;Joined: 28 Nov '25;;Alliance
Knuddlbärchi;Altling;60;Warrior;Human;Female;40;Alt;Blastbärchi-WildGrowth,Knûddlbärchi-WildGrowth(main),Schmübärchi-WildGrowth;18 May '26;02 Jun '26;Altling: 02 Jun '26,Imp: 18 May '26;;Knuddl - alt [Mine]300/[BS]34;Joined: 18 May '26 ;;Alliance
Knûddlbärchi;Fel Reaver;60;Druid;Night Elf;Female;35;Main;Blastbärchi-WildGrowth,Knuddlbärchi-WildGrowth,Schmübärchi-WildGrowth;09 May '26;02 Jun '26;Fel Reaver: 02 Jun '26,Imp: 09 May '26;;main [LW]/[Skin]300;Joined: 09 May '26 ;;Alliance
Krackax;Imp;60;Warrior;Dwarf;Male;54;Main;Krackx-WildGrowth;11 Apr '26;11 Apr '26;Imp: 11 Apr '26;;War: Krackax   Pala: Krackx;Joined: 11 Apr '26 ;;Alliance
Krackx;Altling;60;Paladin;Human;Male;54;Alt;Krackax-WildGrowth(main);08 May '26;02 Jun '26;Altling: 02 Jun '26,Imp: 08 May '26;;Krackax [Alc]285/[LW]115;Joined: 08 May '26 ;;Alliance
Kradashdin;Fel Reaver;60;Paladin;Dwarf;Male;0.54;;;25 Jun '26;24 Jul '26;Fel Reaver: 24 Jul '26,Imp: 25 Jun '26;;main [Eng]/[Mine]300;Joined: 25 Jun '26 ;;Alliance
Kurteis;Imp;60;Priest;Night Elf;Female;9;Main;;07 Jul '26;07 Jul '26;Imp: 07 Jul '26;; [Alc]300/[Ench]56;Joined: 07 Jul '26 ;;Alliance
Kwakzalvert;Altling;60;Druid;Night Elf;Male;36;Alt;Ratladyxd-WildGrowth,Ratlorddxd-WildGrowth(main);20 May '26;20 May '26;Altling: 20 May '26,Imp: 20 May '26;;Rat [Alc]/[Mine]300;Joined: 20 May '26 ;;Alliance
Kwenziz;Imp;60;Druid;Night Elf;Male;30;;;06 Apr '26;06 Apr '26;Imp: 06 Apr '26;; [Herb]225/[Alc]300;Joined: 06 Apr '26 ;;Alliance
Laclau;Fel Reaver;60;Druid;Night Elf;Male;14;Main;Angebode-WildGrowth,Auslag-WildGrowth,Bedem-WildGrowth,Beeowulf-WildGrowth,Brunhiilde-WildGrowth,Grimmnok-WildGrowth,Heahmòund-WildGrowth,Heahmùnd-WildGrowth,Impurrfect-WildGrowth,Shortcomings-WildGrowth,Shortcumming-WildGrowth;04 Dec '25;05 Dec '25;Fel Reaver: 05 Dec '25,Imp: 04 Dec '25;;main [Skin]/[Mine]300;Joined: 04 Dec '25;;Alliance
Laisip;Imp;60;Druid;Night Elf;Male;12;Main;;11 Jun '26;11 Jun '26;Imp: 11 Jun '26;; [LW]272/[Skin]300;Joined: 11 Jun '26 ;;Alliance
Lamebuca;Fel Reaver;60;Warrior;Night Elf;Male;0.04;;;10 Jun '26;13 Jul '26;Fel Reaver: 13 Jul '26,Imp: 10 Jun '26;;main [BS]/[Mine]300;Joined: 10 Jun '26 ;;Alliance
Lanadelprey;Altling;60;Priest;Night Elf;Female;24;Alt;Belove-WildGrowth(main),Hollymolle-WildGrowth,Lubowa-WildGrowth,Merylsheep-WildGrowth,Tentacleport-WildGrowth,Unlockyou-WildGrowth;06 Jan '26;16 Jan '26;Altling: 16 Jan '26,Imp: 06 Jan '26;;Belove;Joined: 06 Jan '26;;Alliance
Landrath;Altling;60;Druid;Night Elf;Male;0.83;Alt;Bumsum-WildGrowth,Mysticbum-WildGrowth,Sumbum-WildGrowth(main);02 Jan '26;16 Jan '26;Altling: 16 Jan '26,Imp: 02 Jan '26;;Ol' Grin Grin tail/lw;Joined: 02 Jan '26;;Alliance
Larîssa;Altling;60;Paladin;Human;Female;0.58;Alt;Delvîn-WildGrowth(main);09 Jul '26;09 Jul '26;Altling: 09 Jul '26,Imp: 09 Jul '26;;Delvîn [Eng]265/[Mine]270;Joined: 09 Jul '26 ;;Alliance
Lazard;Fel Reaver;60;Paladin;Human;Male;3;Main;Atlex-WildGrowth,Solarisone-WildGrowth;28 Jun '26;13 Jul '26;Fel Reaver: 13 Jul '26,Imp: 28 Jun '26;;main [Mine]300/[BS]278;Joined: 28 Jun '26 ;;Alliance
Lbx;Altling;60;Warlock;Human;Female;0.5;Alt;Fakenews-WildGrowth,Fbx-WildGrowth,Mbx-WildGrowth,Pbx-WildGrowth(main),Ubx-WildGrowth;09 May '26;14 May '26;Altling: 14 May '26,Imp: 09 May '26;;Pbx is here ;Joined: 09 May '26 ;;Alliance
Leeloò;Imp;41;Warrior;Gnome;Female;24;;;24 May '26;24 May '26;Imp: 24 May '26;;main [BS]196/[Mine]182;Joined: 24 May '26 ;;Alliance
Leevancleave;Altling;60;Warrior;Human;Male;0.54;Alt;Anure-WildGrowth(main),Shadowgasp-WildGrowth;15 Mar '26;15 Mar '26;Altling: 15 Mar '26,Imp: 15 Mar '26;;Anure;Joined: 15 Mar '26 ;;Alliance
Leganix;Arch Fiendling;60;Hunter;Night Elf;Female;3;Alt;Lègánix-WildGrowth,Léganix-WildGrowth,Snuffs-WildGrowth,Stabbynix-WildGrowth(main),Ìnsaníty-WildGrowth;18 Feb '26;25 May '26;Arch Fiendling: 25 May '26,Altling: 18 Feb '26,Imp: 18 Feb '26;;Thawmaster [Mine]113/[Eng]151;Joined: 18 Feb '26 ;;Alliance
Leisky;Imp;30;Paladin;Human;Female;29;;;02 Jul '26;02 Jul '26;Imp: 02 Jul '26;; [Mine]121/[BS]101;Joined: 02 Jul '26 ;;Alliance
Lepotica;Imp;60;Warrior;Night Elf;Female;0.04;Main;;30 Nov '25;31 Nov '25;Imp: 31 Nov '25;;main [Mine]/[Eng]300;Joined: 30 Nov '25 ;;Alliance
Letkeelutka;Fel Reaver;60;Priest;Dwarf;Female;196;Main;Lobotomia-WildGrowth,Mieshuora-WildGrowth;21 Nov '25;04 Dec '25;Fel Reaver: 04 Dec '25,Imp: 21 Nov '25;;Big Booty Goth Girl ENCH;Joined: 21 Nov '25;;Alliance
Liebstöckel;Altling;16;Priest;Human;Female;156;Alt;Brennessel-WildGrowth,Fenchel-WildGrowth(main),Hagebutte-WildGrowth;07 Feb '26;07 Feb '26;Altling: 07 Feb '26,Imp: 07 Feb '26;;Fenchel [TL]125/[Ench]120;Joined: 07 Feb '26 ;;Alliance
Lightonoff;Imp;60;Paladin;Human;Male;0.5;;;24 Jul '26;24 Jul '26;Imp: 24 Jul '26;;1114 gs ret;Joined: 24 Jul '26 ;;Alliance
Lilmilkman;Altling;60;Warlock;Gnome;Male;4;Main;Garryglitter-WildGrowth;04 Jan '26;04 Jan '26;Altling: 04 Jan '26,Imp: 04 Jan '26;;stev0 god;Joined: 04 Jan '26;;Alliance
Loashi;Fel Reaver;60;Mage;Gnome;Female;4;Main;Anaire-WildGrowth,Anteg-WildGrowth,Plotka-WildGrowth;12 Dec '25;28 Jan '26;Fel Reaver: 28 Jan '26,Imp: 12 Dec '25;;huge pipi mage [Ench]/[TL]300;Joined: 12 Dec '25;;Alliance
Lobotomia;Altling;60;Warlock;Human;Female;194;Alt;Letkeelutka-WildGrowth(main),Mieshuora-WildGrowth;22 Nov '25;04 Dec '25;Altling: 04 Dec '25,Imp: 22 Nov '25;;Letkee Humble Prof Alt Tailor;Joined: 22 Nov '25;;Alliance
Locksta;Altling;40;Warlock;Gnome;Male;241;Alt;Bushmaster-WildGrowth(main);26 Nov '25;15 Dec '25;Altling: 15 Dec '25,Imp: 26 Nov '25;;Alt Bushmaster;Joined: 26 Nov '25;;Alliance
Lokki;Imp;60;Warlock;Human;Female;105;;;06 Apr '26;06 Apr '26;Imp: 06 Apr '26;;;Joined: 06 Apr '26 ;;Alliance
Lokrath;Imp;60;Paladin;Human;Male;50;;;03 Jun '26;03 Jun '26;Imp: 03 Jun '26;; [BS]283/[Eng]261;Joined: 03 Jun '26 ;;Alliance
Louu;Imp;36;Warrior;Human;Male;80;;;22 Apr '26;22 Apr '26;Imp: 22 Apr '26;; [Mine]66/[BS]39;Joined: 22 Apr '26 ;;Alliance
Lubowa;Altling;60;Hunter;Night Elf;Female;24;Alt;Belove-WildGrowth(main),Hollymolle-WildGrowth,Lanadelprey-WildGrowth,Merylsheep-WildGrowth,Tentacleport-WildGrowth,Unlockyou-WildGrowth;07 Jan '26;16 Jan '26;Altling: 16 Jan '26,Imp: 07 Jan '26;;Besleepin;Joined: 07 Jan '26;;Alliance
Lubud;Fel Reaver;60;Druid;Night Elf;Female;0.75;Main;Lubup-WildGrowth,Lubuw-WildGrowth,Lubuwarrior-WildGrowth;22 May '26;19 Jun '26;Fel Reaver: 19 Jun '26,Imp: 22 May '26;;main;Joined: 22 May '26 ;;Alliance
Lubuhunter;Altling;60;Hunter;Night Elf;Female;0.79;;;24 Jul '26;24 Jul '26;Altling: 24 Jul '26,Imp: 24 Jul '26;;Lubu;Joined: 24 Jul '26 ;;Alliance
Lubumage;Imp;8;Mage;Gnome;Female;1;;;29 Jul '26;29 Jul '26;Imp: 29 Jul '26;;;Joined: 29 Jul '26 ;;Alliance
Lubup;Altling;60;Paladin;Human;Female;4;Alt;Lubud-WildGrowth(main),Lubuw-WildGrowth,Lubuwarrior-WildGrowth;01 Jun '26;01 Jun '26;Altling: 01 Jun '26,Imp: 01 Jun '26;;Lubud;Joined: 01 Jun '26 ;;Alliance
Lubuw;Imp;9;Warlock;Gnome;Male;6;Alt;Lubud-WildGrowth(main),Lubup-WildGrowth,Lubuwarrior-WildGrowth;18 Jun '26;18 Jun '26;Imp: 18 Jun '26;;;Joined: 18 Jun '26 ;;Alliance
Lubuwarrior;Altling;60;Warrior;Human;Female;0.02;Alt;Lubud-WildGrowth(main),Lubup-WildGrowth,Lubuw-WildGrowth;20 Jun '26;13 Jul '26;Altling: 13 Jul '26,Imp: 20 Jun '26;;Lubu [Herb]11/[Skin]61;Joined: 20 Jun '26 ;;Alliance
Luneiru;Fel Reaver;60;Warrior;Night Elf;Female;11;Main;Zpiken-WildGrowth;21 Nov '25;10 May '26;Fel Reaver: 10 May '26,Void Knight: 21 Nov '25;;main [Ench]300/[Mine]188;Joined: 21 Nov '25;;Alliance
Lunett;Altling;60;Druid;Night Elf;Female;0.04;Alt;Annot-WildGrowth,Barritt-WildGrowth,Ciannait-WildGrowth,Detract-WildGrowth,Nerrit-WildGrowth,Prudent-WildGrowth,Robbt-WildGrowth(main),Starlitt-WildGrowth,Truitt-WildGrowth;21 Nov '25;21 Nov '25;Altling: 21 Nov '25;;Robbt [Alc]/[Herb]300;Joined: 21 Nov '25;;Alliance
Lusia;Imp;60;Druid;Night Elf;Female;27;Alt;Spineshatter-WildGrowth(main);23 Apr '26;23 Apr '26;Imp: 23 Apr '26;;Alt of Spineshatter ;Joined: 23 Apr '26 ;;Alliance
Lysstrålen;Altling;60;Paladin;Human;Female;36;Alt;Bjørneñbjørn-WildGrowth(main);02 Jan '26;06 Jan '26;Altling: 06 Jan '26,Imp: 02 Jan '26;;Bjorn [Alc]/[Mine]300;Joined: 02 Jan '26;;Alliance
Lâ;Altling;60;Mage;Human;Female;0.02;Alt;Alito-WildGrowth,Parsegrise-WildGrowth,Ttbm-WildGrowth,Âl-WildGrowth(main);14 Jan '26;16 Jan '26;Altling: 16 Jan '26,Imp: 14 Jan '26;;Al [Alc]/[Herb]300;Joined: 14 Jan '26;;Alliance
Lègánix;Arch Fiendling;60;Warrior;Human;Female;0.5;Alt;Leganix-WildGrowth,Léganix-WildGrowth,Snuffs-WildGrowth,Stabbynix-WildGrowth(main),Ìnsaníty-WildGrowth;16 Dec '25;25 May '26;Arch Fiendling: 25 May '26,Altling: 19 Dec '25,Imp: 16 Dec '25;;Leganix [Alc]/[Herb]300;Joined: 16 Dec '25;;Alliance
Léganix;Arch Fiend;60;Paladin;Human;Female;0.02;Alt;Leganix-WildGrowth,Lègánix-WildGrowth,Snuffs-WildGrowth,Stabbynix-WildGrowth(main),Ìnsaníty-WildGrowth;18 Dec '25;25 May '26;Arch Fiend: 25 May '26,Void Knight: 28 Apr '26,Altling: 13 Feb '26,Fel Reaver: 16 Jan '26,Imp: 18 Dec '25;;Alt [Ench]/[Mine]300;Joined: 18 Dec '25;;Alliance
Lóu;Imp;21;Paladin;Human;Female;26;;;11 Jun '26;11 Jun '26;Imp: 11 Jun '26;;;Joined: 11 Jun '26 ;;Alliance
Lökmusen;Imp;60;Paladin;Human;Female;13;;;11 Dec '25;11 Dec '25;Imp: 11 Dec '25;;main [Ench]/[Mine]300;Joined: 11 Dec '25;;Alliance
Madcuzbadd;Imp;60;Paladin;Human;Female;21;;;27 Jun '26;27 Jun '26;Imp: 27 Jun '26;; [Mine]87/[Ench]24;Joined: 27 Jun '26 ;;Alliance
Madpakketyv;Imp;60;Paladin;Human;Male;2;;;28 Jul '26;28 Jul '26;Imp: 28 Jul '26;;Pbx's Girlfriend(always limping;Joined: 28 Jul '26 ;;Alliance
Mahoney;Fel Reaver;60;Paladin;Human;Male;71;Main;Moonhoney-WildGrowth;14 Apr '26;10 May '26;Fel Reaver: 10 May '26,Imp: 14 Apr '26;;Brohoney [Mine]278/[BS]260;Joined: 14 Apr '26 ;;Alliance
Maneo;Imp;60;Mage;Human;Male;17;;;10 May '26;10 May '26;Imp: 10 May '26;;dps 1350gs [TL]300/[Mine]40;Joined: 10 May '26 ;;Alliance
Mangoboss;Fel Reaver;60;Paladin;Human;Female;52;Main;;23 Nov '25;24 Nov '25;Fel Reaver: 24 Nov '25,Imp: 23 Nov '25;;main [Mine]/[Ench]300;Joined: 23 Nov '25;;Alliance
Maqqie;Imp;30;Priest;Human;Female;87;;;30 Apr '26;30 Apr '26;Imp: 30 Apr '26;; [Ench]51/[TL]70;Joined: 30 Apr '26;;Alliance
Mathematics;Imp;60;Warrior;Human;Female;0.25;;;28 Jul '26;28 Jul '26;Imp: 28 Jul '26;; [Alc]289/[Eng]299;Joined: 28 Jul '26 ;;Alliance
Matyldicka;Altling;60;Priest;Night Elf;Female;132;Alt;Coodla-WildGrowth(main);22 Nov '25;24 Nov '25;Altling: 24 Nov '25;;Kudla [Ench]300/[TL]296;Joined: 22 Nov '25;;Alliance
Mayhempots;Altling;1;Paladin;Human;Female;3;Alt;Boomrond-WildGrowth,Boromoney-WildGrowth,Carnagebonk-WildGrowth,Divinrond-WildGrowth,Eviscerond-WildGrowth,Faraheal-WildGrowth,Healrond-WildGrowth(main),Irvdruid-WildGrowth,Irvh-WildGrowth,Irvmend-WildGrowth,Irvpal-WildGrowth,Meanrond-WildGrowth,Sarumancer-WildGrowth,Steelrond-WildGrowth,Wyverond-WildGrowth;28 Nov '25;15 Dec '25;Altling: 15 Dec '25,Imp: 28 Nov '25;;Pottorondo;Joined: 28 Nov '25;;Alliance
Maynia;Imp;60;Paladin;Human;Female;0.54;Main;Samila-WildGrowth;26 Jun '26;26 Jun '26;Imp: 26 Jun '26;;Main;Joined: 26 Jun '26 ;;Alliance
Mbx;Altling;60;Mage;Human;Female;0.46;Alt;Fakenews-WildGrowth,Fbx-WildGrowth,Lbx-WildGrowth,Pbx-WildGrowth(main),Ubx-WildGrowth;06 May '26;14 May '26;Altling: 14 May '26,Imp: 06 May '26;;Pbx [Ench]/[TL]300;Joined: 06 May '26 ;;Alliance
Meanrond;Arch Fiendling;60;Priest;Night Elf;Male;0.08;Alt;Boomrond-WildGrowth,Boromoney-WildGrowth,Carnagebonk-WildGrowth,Divinrond-WildGrowth,Eviscerond-WildGrowth,Faraheal-WildGrowth,Healrond-WildGrowth(main),Irvdruid-WildGrowth,Irvh-WildGrowth,Irvmend-WildGrowth,Irvpal-WildGrowth,Mayhempots-WildGrowth,Sarumancer-WildGrowth,Steelrond-WildGrowth,Wyverond-WildGrowth;12 Apr '26;12 Apr '26;Arch Fiendling: 12 Apr '26,Imp: 12 Apr '26;;Sir Mean of the Rond Table;Joined: 12 Apr '26 ;;Alliance
Meminpal;Altling;60;Paladin;Human;Male;249;Alt;Druraid-WildGrowth,Meminto-WildGrowth(main),Meminvoid-WildGrowth;26 Nov '25;26 Nov '25;Altling: 26 Nov '25,Imp: 26 Nov '25;;Meminto;Joined: 26 Nov '25;;Alliance
Meminto;Fel Reaver;60;Mage;Gnome;Female;32;Main;Druraid-WildGrowth,Meminpal-WildGrowth,Meminvoid-WildGrowth;25 Nov '25;25 Nov '25;Fel Reaver: 25 Nov '25,Imp: 25 Nov '25;;main [Ench]101/[TL]300;Joined: 25 Nov '25;;Alliance
Meminvoid;Altling;60;Warlock;Gnome;Female;247;Alt;Druraid-WildGrowth,Meminpal-WildGrowth,Meminto-WildGrowth(main);26 Nov '25;26 Nov '25;Altling: 26 Nov '25,Imp: 26 Nov '25;;Meminto;Joined: 26 Nov '25;;Alliance
Merylsheep;Altling;57;Mage;Human;Female;24;Alt;Belove-WildGrowth(main),Hollymolle-WildGrowth,Lanadelprey-WildGrowth,Lubowa-WildGrowth,Tentacleport-WildGrowth,Unlockyou-WildGrowth;16 Jun '26;18 Jun '26;Altling: 18 Jun '26,Imp: 16 Jun '26;;Belove;Joined: 16 Jun '26 ;;Alliance
Messender;Imp;60;Hunter;Night Elf;Male;70;Main;Gummibärle-WildGrowth;28 Apr '26;28 Apr '26;Imp: 28 Apr '26;;main [Mine]1/[Skin]300;Joined: 28 Apr '26;;Alliance
Midwinter;Imp;60;Paladin;Human;Female;32;;;11 Apr '26;11 Apr '26;Imp: 11 Apr '26;; [Ench]282/[BS]300;Joined: 11 Apr '26 ;;Alliance
Mieshuora;Altling;60;Paladin;Human;Male;194;Alt;Letkeelutka-WildGrowth(main),Lobotomia-WildGrowth;22 Nov '25;04 Dec '25;Altling: 04 Dec '25,Imp: 22 Nov '25;;Letke Shck/Holy1257Gs Alch/Engi;Joined: 22 Nov '25;;Alliance
Milkyvibes;Imp;35;Druid;Night Elf;Female;35;;;04 Jun '26;04 Jun '26;Imp: 04 Jun '26;;;Joined: 04 Jun '26 ;;Alliance
Mimboom;Fel Reaver;60;Druid;Night Elf;Female;65;;;30 Apr '26;01 May '26;Fel Reaver: 01 May '26,Imp: 30 Apr '26;;Mimos;Joined: 30 Apr '26 ;;Alliance
Minifleisch;Altling;12;Mage;Gnome;Male;1;;;26 Jul '26;26 Jul '26;Altling: 26 Jul '26,Imp: 26 Jul '26;;Knackfleisch :D;Joined: 26 Jul '26 ;;Alliance
Minislunse;Altling;60;Warrior;Gnome;Female;4;;;20 Jul '26;20 Jul '26;Altling: 20 Jul '26,Imp: 20 Jul '26;;Cute;Joined: 20 Jul '26 ;;Alliance
Minnìva;Altling;60;Rogue;Night Elf;Female;7;Alt;Aqsan-WildGrowth,Nightwìng-WildGrowth,Robinjr-WildGrowth,Robins-WildGrowth,Robìn-WildGrowth(main),Robìnfarm-WildGrowth;02 Apr '26;02 Apr '26;Altling: 02 Apr '26,Imp: 02 Apr '26;;Robin [Herb]/[Mine]300;Joined: 02 Apr '26 ;;Alliance
Mipy;Void Knight;60;Warrior;Night Elf;Female;0.79;Main;Arysora-WildGrowth,Bamryso-WildGrowth,Dalyzia-WildGrowth,Halory-WildGrowth,Zalysa-WildGrowth;14 Jan '26;16 May '26;Void Knight: 16 May '26,Fel Reaver: 14 Jan '26,Imp: 14 Jan '26;;Mipy                           ;Joined: 14 Jan '26;;Alliance
Mirevi;Imp;49;Paladin;Human;Male;0.08;Alt;Dagá-WildGrowth(main);09 Jun '26;09 Jun '26;Imp: 09 Jun '26;;Dagá alt;Joined: 09 Jun '26 ;;Alliance
Mistí;Altling;60;Priest;Night Elf;Female;2;Alt;Amicia-WildGrowth,Bunní-WildGrowth,Mousíe-WildGrowth,Vivisteria-WildGrowth,Víví-WildGrowth(main);02 May '26;07 May '26;Altling: 07 May '26,Imp: 02 May '26;;Mousie;Joined: 02 May '26 ;;Alliance
Mjini;Altling;60;Mage;Gnome;Female;129;Alt;Chokladsous-WildGrowth,Diakrath-WildGrowth,Netti-WildGrowth(main),Prata-WildGrowth;23 Nov '25;23 Nov '25;Altling: 23 Nov '25,Imp: 23 Nov '25;;Netti [TL]300/[LW]295;Joined: 23 Nov '25;;Alliance
Moistspot;Altling;31;Warrior;Human;Male;153;Alt;Ashkandia-WildGrowth(main);20 Feb '26;30 Feb '26;Altling: 30 Feb '26,Imp: 20 Feb '26;;Ashkandia [Mine]73/[BS]76;Joined: 20 Feb '26 ;;Alliance
Monkeybutler;Altling;8;Rogue;Gnome;Male;12;Alt;Aqdonna-WildGrowth,Dracobanko-WildGrowth,Dracobook-WildGrowth,Dracoclone-WildGrowth,Dracodraco-WildGrowth,Dracoheal-WildGrowth,Dracoherb-WildGrowth,Dracohunter-WildGrowth,Dracolight-WildGrowth,Dracolóck-WildGrowth,Dracomage-WildGrowth,Dracomagic-WildGrowth,Dracomine-WildGrowth,Draconaderix-WildGrowth,Draconature-WildGrowth(main),Draconaz-WildGrowth,Draconette-WildGrowth,Draconisse-WildGrowth,Dracorogue-WildGrowth,Dracosilver-WildGrowth,Dracosmash-WildGrowth,Dracostar-WildGrowth,Zgstella-WildGrowth;02 Apr '26;02 Apr '26;Altling: 02 Apr '26,Imp: 02 Apr '26;;Draco in Ibiza [Eng]/[Mine]1;Joined: 02 Apr '26 ;;Alliance
Monotone;Arch Fiendling;60;Rogue;Gnome;Male;0.42;Alt;Apollousa-WildGrowth(main),Bellerophon-WildGrowth,Cahir-WildGrowth,Hastalavista-WildGrowth,Illmindofapo-WildGrowth,Incorporeal-WildGrowth,Papagandhi-WildGrowth,Ratatat-WildGrowth;28 Nov '25;28 Nov '25;Arch Fiendling: 28 Nov '25,Imp: 28 Nov '25;;Appa [Ench]60/[Eng]1;Joined: 28 Nov '25;;Alliance
Moonhoney;Altling;12;Druid;Night Elf;Male;71;Alt;Mahoney-WildGrowth(main);05 May '26;05 May '26;Altling: 05 May '26,Imp: 05 May '26;;Mahoney;Joined: 05 May '26 ;;Alliance
Mousíe;Altling;60;Priest;Human;Female;2;Alt;Amicia-WildGrowth,Bunní-WildGrowth,Mistí-WildGrowth,Vivisteria-WildGrowth,Víví-WildGrowth(main);28 Feb '26;11 May '26;Altling: 11 May '26,Void Knight: 11 May '26,Altling: 20 Feb '26,Imp: 19 Feb '26;;Quandarius Fontleroy-Slabb;Joined: 28 Feb '26 ;;Alliance
Muxie;Imp;60;Rogue;Gnome;Female;110;;;12 Apr '26;12 Apr '26;Imp: 12 Apr '26;;main [Alc]267/[Herb]300;Joined: 12 Apr '26 ;;Alliance
Mysticbum;Altling;60;Mage;Gnome;Female;0.63;Alt;Bumsum-WildGrowth,Landrath-WildGrowth,Sumbum-WildGrowth(main);26 Jan '26;26 Jan '26;Altling: 26 Jan '26,Imp: 26 Jan '26;;Grin [Ench]/[Mine]300;Joined: 26 Jan '26 ;;Alliance
Mònkeý;Imp;60;Hunter;Night Elf;Female;26;;;26 Jun '26;26 Jun '26;Imp: 26 Jun '26;;main [Eng]/[Mine]300;Joined: 26 Jun '26 ;;Alliance
Móuse;Altling;60;Mage;Gnome;Male;33;Alt;Casperlee-WildGrowth,Daney-WildGrowth,Jimmeyy-WildGrowth,Joeeyy-WildGrowth,Johney-WildGrowth(main),Roney-WildGrowth,Yaney-WildGrowth;22 Nov '25;24 Nov '25;Altling: 24 Nov '25;;Johney [Mine]/[Herb]300 1289gs;Joined: 22 Nov '25;;Alliance
Naehilim;Imp;17;Warrior;Human;Male;24;;;06 May '26;06 May '26;Imp: 06 May '26;; [Mine]4/[BS]2;Joined: 06 May '26 ;;Alliance
Natureboys;Imp;60;Warrior;Human;Female;43;Main;Natureboyz-WildGrowth;01 Jun '26;01 Jun '26;Imp: 01 Jun '26;;main [Eng]299/[Mine]300;Joined: 01 Jun '26 ;;Alliance
Natureboyz;Altling;35;Druid;Night Elf;Female;46;Alt;Natureboys-WildGrowth(main);14 Jun '26;18 Jul '26;Altling: 18 Jul '26,Imp: 14 Jun '26;; [Alc]150/[Ench]10;Joined: 14 Jun '26;;Alliance
Naturälskare;Imp;23;Druid;Night Elf;Female;40;;;06 Jun '26;06 Jun '26;Imp: 06 Jun '26;;main [Skin]73/[LW]45;Joined: 06 Jun '26 ;;Alliance
Nebroth;Imp;60;Warrior;Human;Male;2;;;24 Jul '26;24 Jul '26;Imp: 24 Jul '26;;;Joined: 24 Jul '26 ;;Alliance
Nelle;Arch Fiendling;60;Warrior;Gnome;Female;0.46;Alt;Akariana-WildGrowth,Aneliana-WildGrowth,Askariana-WildGrowth,Astelia-WildGrowth,Ineffa-WildGrowth,Thelisia-WildGrowth,Vinelia-WildGrowth,Wiella-WildGrowth(main);22 Jan '26;05 Mar '26;Arch Fiendling: 05 Mar '26,Void Knight: 05 Mar '26,Altling: 01 Feb '26,Imp: 22 Jan '26;;Wiella [Eng]/[Ench]300;Joined: 22 Jan '26 ;;Alliance
Neoshadows;Fel Reaver;60;Rogue;Night Elf;Male;31;Main;;02 Jan '26;01 Mar '26;Fel Reaver: 01 Mar '26,Imp: 02 Jan '26;;main [Mine]300/[Skin]242;Joined: 02 Jan '26;;Alliance
Nerrit;Altling;25;Mage;Human;Female;0.08;Alt;Annot-WildGrowth,Barritt-WildGrowth,Ciannait-WildGrowth,Detract-WildGrowth,Lunett-WildGrowth,Prudent-WildGrowth,Robbt-WildGrowth(main),Starlitt-WildGrowth,Truitt-WildGrowth;30 Jun '26;04 Jul '26;Altling: 04 Jul '26,Imp: 31 Jun '26;;Robbt [Ench]/[TL]225;Joined: 30 Jun '26 ;;Alliance
Nessimaa;Imp;4;Priest;Night Elf;Female;2;;;28 Jul '26;28 Jul '26;Imp: 28 Jul '26;;;Joined: 28 Jul '26 ;;Alliance
Netti;Void Knight;60;Warlock;Human;Female;0.75;Main;Chokladsous-WildGrowth,Diakrath-WildGrowth,Mjini-WildGrowth,Prata-WildGrowth;21 Nov '25;11 Jan '26;Void Knight: 11 Jan '26,Fel Reaver: 24 Nov '25;;main [Eng]300/[Ench]60;Joined: 21 Nov '25;;Alliance
Nightelfok;Imp;60;Warrior;Night Elf;Female;48;;;21 May '26;21 May '26;Imp: 21 May '26;; [BS]68/[Mine]90;Joined: 21 May '26 ;;Alliance
Nightvain;Imp;60;Rogue;Night Elf;Male;7;;;02 Jun '26;02 Jun '26;Imp: 02 Jun '26;; [LW]62/[Skin]276;Joined: 02 Jun '26 ;;Alliance
Nightwìng;Altling;60;Mage;Gnome;Female;0.08;Alt;Aqsan-WildGrowth,Minnìva-WildGrowth,Robinjr-WildGrowth,Robins-WildGrowth,Robìn-WildGrowth(main),Robìnfarm-WildGrowth;21 Nov '25;21 Nov '25;Altling: 21 Nov '25;;Robin [TL]/[Alc]300;Joined: 21 Nov '25;;Alliance
Nonoum;Imp;1;Druid;Night Elf;Male;53;;;05 Mar '26;05 Mar '26;Imp: 05 Mar '26;;;Joined: 05 Mar '26 ;;Alliance
Notcluu;Imp;60;Warrior;Human;Female;41;Main;Cluu-WildGrowth,Itscluu-WildGrowth;19 Apr '26;19 Apr '26;Imp: 19 Apr '26;;main [Herb]167/[Alc]191;Joined: 19 Apr '26 ;;Alliance
Notcorrect;Altling;60;Priest;Human;Female;0.5;;;20 Jun '26;04 Jul '26;Altling: 04 Jul '26,Imp: 20 Jun '26;;Peen-bee-ex [Alc]/[Herb]300;Joined: 20 Jun '26 ;;Alliance
Notsailie;Fel Reaver;60;Priest;Human;Female;7;;;09 May '26;09 May '26;Fel Reaver: 09 May '26,Imp: 10 May '26;;main [TL]/[Ench]300;Joined: 09 May '26;;Alliance
Nottrue;Altling;60;Paladin;Human;Female;0.46;;;20 Jun '26;04 Jul '26;Altling: 04 Jul '26,Imp: 20 Jun '26;;is here? [Alc]286/[Eng]1;Joined: 20 Jun '26 ;;Alliance
Notu;Altling;60;Warlock;Human;Female;2;Alt;Bluelion-WildGrowth,Bluepost-WildGrowth(main);06 Dec '25;15 Dec '25;Altling: 15 Dec '25,Imp: 06 Dec '25;;Bluepost [TL]300/[Ench]60;Joined: 06 Dec '25;;Alliance
Noumnou;Imp;1;Druid;Night Elf;Male;149;;;05 Mar '26;05 Mar '26;Imp: 05 Mar '26;;;Joined: 05 Mar '26 ;;Alliance
Nounoum;Imp;1;Druid;Night Elf;Female;53;;;05 Mar '26;05 Mar '26;Imp: 05 Mar '26;;;Joined: 05 Mar '26 ;;Alliance
Noøt;Altling;60;Druid;Night Elf;Female;0.54;Alt;Bumbataker-WildGrowth,Czeq-WildGrowth,Denzél-WildGrowth(main),Oompå-WildGrowth,Wonkà-WildGrowth;20 Nov '25;20 Nov '25;Altling: 20 Nov '25,Altling: 21 Nov '25,Altling: 20 Nov '25,Imp: 20 Nov '25;;Denzel,also called "washington";Joined: 20 Nov '25;;Alliance
Nuolimies;Imp;39;Hunter;Dwarf;Male;16;;;06 Jun '26;06 Jun '26;Imp: 06 Jun '26;;Dagá alt;Joined: 06 Jun '26 ;;Alliance
Nycthora;Imp;60;Priest;Night Elf;Male;72;;;11 May '26;11 May '26;Imp: 11 May '26;;Main;Joined: 11 May '26 ;;Alliance
Néfertiti;Imp;60;Priest;Night Elf;Female;24;Main;;16 Feb '26;16 Feb '26;Imp: 16 Feb '26;;main [Alc]/[Herb]300;Joined: 16 Feb '26 ;;Alliance
Nöffpöff;Imp;60;Mage;Gnome;Female;2;;;02 Jul '26;02 Jul '26;Imp: 02 Jul '26;; [Ench]60/[Alc]300;Joined: 02 Jul '26 ;;Alliance
Officialacre;Imp;16;Paladin;Human;Male;30;;;24 Jun '26;24 Jun '26;Imp: 24 Jun '26;; [Mine]74/[BS]71;Joined: 24 Jun '26 ;;Alliance
Officialacri;Imp;60;Druid;Night Elf;Female;35;;;24 Jun '26;24 Jun '26;Imp: 24 Jun '26;; [Herb]90/[Skin]115;Joined: 24 Jun '26 ;;Alliance
Ogstreamer;Imp;19;Paladin;Human;Male;31;;;29 Jun '26;29 Jun '26;Imp: 29 Jun '26;;Main;Joined: 29 Jun '26 ;;Alliance
Okidokï;Imp;60;Priest;Human;Female;64;;;10 Jan '26;10 Jan '26;Imp: 10 Jan '26;; [Ench]/[Alc]300;Joined: 10 Jan '26;;Alliance
Oldmarkus;Imp;60;Hunter;Dwarf;Male;18;;;26 Jun '26;26 Jun '26;Imp: 26 Jun '26;;Oldmarkus;Joined: 26 Jun '26 ;;Alliance
Olìver;Fel Reaver;60;Warrior;Human;Male;4;Main;Davè-WildGrowth;17 Jun '26;24 Jul '26;Fel Reaver: 24 Jul '26,Imp: 17 Jun '26;;[Herb]1/[Mine]300;Joined: 17 Jun '26 ;;Alliance
Ooft;Imp;60;Rogue;Human;Male;65;;;27 May '26;27 May '26;Imp: 27 May '26;;main [Ench]300;Joined: 27 May '26 ;;Alliance
Oompå;Altling;60;Priest;Human;Male;8;Alt;Bumbataker-WildGrowth,Czeq-WildGrowth,Denzél-WildGrowth(main),Noøt-WildGrowth,Wonkà-WildGrowth;20 Nov '25;20 Nov '25;Altling: 20 Nov '25,Altling: 21 Nov '25,Altling: 20 Nov '25,Imp: 20 Nov '25;;Denzel [Skin]/[Herb]300;Joined: 20 Nov '25;;Alliance
Orangebeard;Altling;60;Priest;Dwarf;Male;0.25;Alt;Aurlan-WildGrowth,Speedstar-WildGrowth,Valiance-WildGrowth(main);12 Jun '26;13 Jul '26;Altling: 13 Jul '26,Imp: 12 Jun '26;;Valiance [Ench]34/[TL]290;Joined: 12 Jun '26 ;;Alliance
Oresomeherbs;Imp;60;Druid;Night Elf;Female;42;;;09 Apr '26;09 Apr '26;Imp: 09 Apr '26;;main [Alc]9/[Herb]20;Joined: 09 Apr '26 ;;Alliance
Orrp;Void Knight;60;Paladin;Human;Male;0.02;Main;Ccw-WildGrowth,Huntter-WildGrowth,Kffc-WildGrowth,Priestkw-WildGrowth,Srt-WildGrowth,Trrt-WildGrowth;22 Nov '25;29 Apr '26;Void Knight: 29 Apr '26,Fel Reaver: 22 Nov '25;;main [Mine]/[BS]300;Joined: 22 Nov '25;;Alliance
Pallall;Altling;53;Paladin;Human;Female;35;Alt;Chiyomaru-WildGrowth,Dorkweb-WildGrowth(main);03 May '26;03 May '26;Altling: 03 May '26,Imp: 03 May '26;;Chiyomaru;Joined: 03 May '26 ;;Alliance
Paløma;Imp;28;Druid;Night Elf;Female;95;;;11 Mar '26;11 Mar '26;Imp: 11 Mar '26;; [Alc]1/[Herb]20;Joined: 11 Mar '26 ;;Alliance
